year,month,day,births
2000,1,1,9083
2000,1,2,8006
2000,1,3,11363
2000,1,4,13032
2000,1,5,12558
2000,1,6,12466
2000,1,7,12516
2000,1,8,8934
2000,1,9,7949
2000,1,10,11668
2000,1,11,12611
2000,1,12,12398
2000,1,13,11815
2000,1,14,12180
2000,1,15,8525
2000,1,16,7657
2000,1,17,10824
2000,1,18,12350
2000,1,19,12405
2000,1,20,12506
2000,1,21,11953
2000,1,22,8855
2000,1,23,7856
2000,1,24,11449
2000,1,25,12593
2000,1,26,12143
2000,1,27,12408
2000,1,28,11934
2000,1,29,8805
2000,1,30,7764
2000,1,31,11133
2000,2,1,12614
2000,2,2,12465
2000,2,3,12062
2000,2,4,12035
2000,2,5,8624
2000,2,6,7862
2000,2,7,11630
2000,2,8,12879
2000,2,9,12315
2000,2,10,12612
2000,2,11,12411
2000,2,12,8836
2000,2,13,7933
2000,2,14,12152
2000,2,15,13017
2000,2,16,12504
2000,2,17,12520
2000,2,18,12406
2000,2,19,8861
2000,2,20,7943
2000,2,21,10610
2000,2,22,12664
2000,2,23,12252
2000,2,24,12423
2000,2,25,12204
2000,2,26,9026
2000,2,27,7836
2000,2,28,11455
2000,2,29,11895
2000,3,1,12672
2000,3,2,12524
2000,3,3,12390
2000,3,4,9054
2000,3,5,7734
2000,3,6,11375
2000,3,7,12420
2000,3,8,12338
2000,3,9,12615
2000,3,10,12152
2000,3,11,8822
2000,3,12,7937
2000,3,13,11157
2000,3,14,12773
2000,3,15,12428
2000,3,16,12431
2000,3,17,12385
2000,3,18,8677
2000,3,19,7782
2000,3,20,11595
2000,3,21,12689
2000,3,22,12272
2000,3,23,12396
2000,3,24,12327
2000,3,25,9155
2000,3,26,7815
2000,3,27,11291
2000,3,28,12650
2000,3,29,12077
2000,3,30,12071
2000,3,31,11820
2000,4,1,8388
2000,4,2,7540
2000,4,3,11397
2000,4,4,12797
2000,4,5,12209
2000,4,6,12192
2000,4,7,12213
2000,4,8,8743
2000,4,9,7759
2000,4,10,11333
2000,4,11,12850
2000,4,12,12545
2000,4,13,11907
2000,4,14,12053
2000,4,15,8887
2000,4,16,7859
2000,4,17,11322
2000,4,18,12783
2000,4,19,12562
2000,4,20,12301
2000,4,21,11257
2000,4,22,8367
2000,4,23,7483
2000,4,24,11309
2000,4,25,12488
2000,4,26,12245
2000,4,27,12235
2000,4,28,11989
2000,4,29,8703
2000,4,30,7641
2000,5,1,11621
2000,5,2,12934
2000,5,3,12259
2000,5,4,12434
2000,5,5,12539
2000,5,6,8814
2000,5,7,7797
2000,5,8,11604
2000,5,9,12744
2000,5,10,12607
2000,5,11,12442
2000,5,12,12132
2000,5,13,8747
2000,5,14,7617
2000,5,15,11587
2000,5,16,12898
2000,5,17,12729
2000,5,18,12580
2000,5,19,12174
2000,5,20,8673
2000,5,21,7887
2000,5,22,11582
2000,5,23,13097
2000,5,24,12669
2000,5,25,13026
2000,5,26,12726
2000,5,27,8991
2000,5,28,7873
2000,5,29,8272
2000,5,30,11954
2000,5,31,12941
2000,6,1,13363
2000,6,2,12695
2000,6,3,8940
2000,6,4,7983
2000,6,5,11647
2000,6,6,12765
2000,6,7,12474
2000,6,8,12751
2000,6,9,12504
2000,6,10,9134
2000,6,11,8116
2000,6,12,11848
2000,6,13,12683
2000,6,14,12849
2000,6,15,12798
2000,6,16,12727
2000,6,17,9143
2000,6,18,8162
2000,6,19,11649
2000,6,20,13017
2000,6,21,12729
2000,6,22,12809
2000,6,23,12603
2000,6,24,9094
2000,6,25,8178
2000,6,26,12164
2000,6,27,13354
2000,6,28,13033
2000,6,29,13462
2000,6,30,13225
2000,7,1,9376
2000,7,2,8100
2000,7,3,11345
2000,7,4,9550
2000,7,5,12346
2000,7,6,13853
2000,7,7,13658
2000,7,8,9631
2000,7,9,8586
2000,7,10,12420
2000,7,11,13584
2000,7,12,12827
2000,7,13,12980
2000,7,14,13230
2000,7,15,9627
2000,7,16,8423
2000,7,17,12053
2000,7,18,13663
2000,7,19,13001
2000,7,20,13173
2000,7,21,13027
2000,7,22,9463
2000,7,23,8166
2000,7,24,12128
2000,7,25,13176
2000,7,26,12931
2000,7,27,13155
2000,7,28,12890
2000,7,29,9465
2000,7,30,8444
2000,7,31,11860
2000,8,1,13356
2000,8,2,12835
2000,8,3,13092
2000,8,4,12940
2000,8,5,9398
2000,8,6,8350
2000,8,7,11864
2000,8,8,13693
2000,8,9,13170
2000,8,10,12953
2000,8,11,12729
2000,8,12,9305
2000,8,13,8313
2000,8,14,11927
2000,8,15,13374
2000,8,16,13174
2000,8,17,13099
2000,8,18,13124
2000,8,19,9276
2000,8,20,8346
2000,8,21,12003
2000,8,22,13406
2000,8,23,12929
2000,8,24,13021
2000,8,25,12926
2000,8,26,9341
2000,8,27,8240
2000,8,28,12074
2000,8,29,13237
2000,8,30,13111
2000,8,31,13287
2000,9,1,13145
2000,9,2,9265
2000,9,3,8248
2000,9,4,8603
2000,9,5,12200
2000,9,6,13917
2000,9,7,13512
2000,9,8,13487
2000,9,9,9860
2000,9,10,8552
2000,9,11,12405
2000,9,12,13649
2000,9,13,13299
2000,9,14,13739
2000,9,15,13552
2000,9,16,9780
2000,9,17,8683
2000,9,18,12554
2000,9,19,13850
2000,9,20,13775
2000,9,21,13350
2000,9,22,13189
2000,9,23,9494
2000,9,24,8539
2000,9,25,12432
2000,9,26,13540
2000,9,27,13467
2000,9,28,13515
2000,9,29,13045
2000,9,30,9335
2000,10,1,8453
2000,10,2,12223
2000,10,3,13245
2000,10,4,13154
2000,10,5,13288
2000,10,6,12774
2000,10,7,9131
2000,10,8,8119
2000,10,9,11343
2000,10,10,13124
2000,10,11,12907
2000,10,12,13038
2000,10,13,11723
2000,10,14,9163
2000,10,15,8156
2000,10,16,12001
2000,10,17,13106
2000,10,18,12816
2000,10,19,12502
2000,10,20,12471
2000,10,21,8956
2000,10,22,7938
2000,10,23,11810
2000,10,24,12995
2000,10,25,12780
2000,10,26,12787
2000,10,27,12333
2000,10,28,8978
2000,10,29,8124
2000,10,30,11558
2000,10,31,11372
2000,11,1,12927
2000,11,2,13066
2000,11,3,12630
2000,11,4,9084
2000,11,5,8078
2000,11,6,11862
2000,11,7,12822
2000,11,8,12829
2000,11,9,12778
2000,11,10,12554
2000,11,11,9318
2000,11,12,8070
2000,11,13,11480
2000,11,14,13153
2000,11,15,12953
2000,11,16,13061
2000,11,17,12888
2000,11,18,9137
2000,11,19,8077
2000,11,20,12974
2000,11,21,13991
2000,11,22,12420
2000,11,23,8144
2000,11,24,9805
2000,11,25,8537
2000,11,26,7950
2000,11,27,12175
2000,11,28,13799
2000,11,29,13114
2000,11,30,12818
2000,12,1,12545
2000,12,2,8914
2000,12,3,7930
2000,12,4,11501
2000,12,5,12997
2000,12,6,12697
2000,12,7,12820
2000,12,8,12548
2000,12,9,8853
2000,12,10,8022
2000,12,11,11811
2000,12,12,13627
2000,12,13,12567
2000,12,14,12640
2000,12,15,12656
2000,12,16,9184
2000,12,17,8026
2000,12,18,12590
2000,12,19,13829
2000,12,20,13762
2000,12,21,13524
2000,12,22,12248
2000,12,23,8484
2000,12,24,6971
2000,12,25,6719
2000,12,26,10395
2000,12,27,13252
2000,12,28,13900
2000,12,29,13607
2000,12,30,9405
2000,12,31,7892
2001,1,1,7663
2001,1,2,10635
2001,1,3,12449
2001,1,4,12678
2001,1,5,12647
2001,1,6,9180
2001,1,7,7883
2001,1,8,11447
2001,1,9,12386
2001,1,10,12455
2001,1,11,12433
2001,1,12,12735
2001,1,13,8836
2001,1,14,7818
2001,1,15,10926
2001,1,16,12327
2001,1,17,12344
2001,1,18,12648
2001,1,19,12339
2001,1,20,8771
2001,1,21,7850
2001,1,22,11444
2001,1,23,12446
2001,1,24,12244
2001,1,25,12570
2001,1,26,12191
2001,1,27,8795
2001,1,28,7761
2001,1,29,11513
2001,1,30,12488
2001,1,31,12477
2001,2,1,12477
2001,2,2,12470
2001,2,3,8650
2001,2,4,7716
2001,2,5,11825
2001,2,6,12536
2001,2,7,12343
2001,2,8,12390
2001,2,9,12343
2001,2,10,8791
2001,2,11,7563
2001,2,12,11670
2001,2,13,12267
2001,2,14,13191
2001,2,15,12632
2001,2,16,12355
2001,2,17,8609
2001,2,18,7555
2001,2,19,10522
2001,2,20,12373
2001,2,21,12492
2001,2,22,12482
2001,2,23,12242
2001,2,24,8656
2001,2,25,7794
2001,2,26,11332
2001,2,27,12334
2001,2,28,12209
2001,3,1,12530
2001,3,2,12383
2001,3,3,8935
2001,3,4,7799
2001,3,5,11411
2001,3,6,12339
2001,3,7,12351
2001,3,8,12440
2001,3,9,12461
2001,3,10,8807
2001,3,11,7697
2001,3,12,11595
2001,3,13,12534
2001,3,14,12578
2001,3,15,12525
2001,3,16,12460
2001,3,17,9006
2001,3,18,7526
2001,3,19,11352
2001,3,20,12868
2001,3,21,12690
2001,3,22,12472
2001,3,23,12432
2001,3,24,8830
2001,3,25,7800
2001,3,26,11290
2001,3,27,12570
2001,3,28,12469
2001,3,29,12366
2001,3,30,12059
2001,3,31,8770
2001,4,1,7212
2001,4,2,11673
2001,4,3,12864
2001,4,4,12655
2001,4,5,12438
2001,4,6,12407
2001,4,7,8755
2001,4,8,7718
2001,4,9,11617
2001,4,10,13031
2001,4,11,12912
2001,4,12,12733
2001,4,13,10881
2001,4,14,8262
2001,4,15,7230
2001,4,16,11220
2001,4,17,12867
2001,4,18,12381
2001,4,19,12257
2001,4,20,12296
2001,4,21,8849
2001,4,22,7758
2001,4,23,11672
2001,4,24,12981
2001,4,25,12728
2001,4,26,12560
2001,4,27,12335
2001,4,28,8574
2001,4,29,7602
2001,4,30,11416
2001,5,1,13037
2001,5,2,12542
2001,5,3,12596
2001,5,4,12276
2001,5,5,8795
2001,5,6,8001
2001,5,7,11635
2001,5,8,13032
2001,5,9,12477
2001,5,10,12632
2001,5,11,12296
2001,5,12,8692
2001,5,13,7479
2001,5,14,11577
2001,5,15,13124
2001,5,16,12625
2001,5,17,12630
2001,5,18,12313
2001,5,19,8803
2001,5,20,7732
2001,5,21,11680
2001,5,22,13047
2001,5,23,12936
2001,5,24,13179
2001,5,25,12722
2001,5,26,8911
2001,5,27,7529
2001,5,28,7993
2001,5,29,12013
2001,5,30,13334
2001,5,31,13051
2001,6,1,12677
2001,6,2,8920
2001,6,3,7887
2001,6,4,11500
2001,6,5,12683
2001,6,6,12804
2001,6,7,12566
2001,6,8,12451
2001,6,9,8756
2001,6,10,7674
2001,6,11,11776
2001,6,12,13218
2001,6,13,12342
2001,6,14,12655
2001,6,15,12394
2001,6,16,8780
2001,6,17,7722
2001,6,18,11756
2001,6,19,12785
2001,6,20,12704
2001,6,21,12615
2001,6,22,12299
2001,6,23,8452
2001,6,24,7639
2001,6,25,11575
2001,6,26,12939
2001,6,27,12809
2001,6,28,13059
2001,6,29,12922
2001,6,30,9247
2001,7,1,8145
2001,7,2,12390
2001,7,3,13364
2001,7,4,9608
2001,7,5,12531
2001,7,6,13151
2001,7,7,9544
2001,7,8,8249
2001,7,9,12036
2001,7,10,13614
2001,7,11,13026
2001,7,12,13188
2001,7,13,12187
2001,7,14,9269
2001,7,15,8047
2001,7,16,12383
2001,7,17,13657
2001,7,18,13241
2001,7,19,13293
2001,7,20,12950
2001,7,21,9410
2001,7,22,8116
2001,7,23,12099
2001,7,24,13532
2001,7,25,12988
2001,7,26,13022
2001,7,27,12677
2001,7,28,9102
2001,7,29,7892
2001,7,30,12150
2001,7,31,13218
2001,8,1,12960
2001,8,2,13097
2001,8,3,12859
2001,8,4,9143
2001,8,5,8062
2001,8,6,12008
2001,8,7,13488
2001,8,8,13185
2001,8,9,13339
2001,8,10,13094
2001,8,11,9275
2001,8,12,8261
2001,8,13,11682
2001,8,14,13325
2001,8,15,13332
2001,8,16,13372
2001,8,17,13102
2001,8,18,9294
2001,8,19,7945
2001,8,20,12313
2001,8,21,13590
2001,8,22,13146
2001,8,23,13158
2001,8,24,12996
2001,8,25,9229
2001,8,26,8115
2001,8,27,12080
2001,8,28,13792
2001,8,29,13160
2001,8,30,13520
2001,8,31,13461
2001,9,1,9248
2001,9,2,8239
2001,9,3,8115
2001,9,4,12501
2001,9,5,14055
2001,9,6,13925
2001,9,7,13721
2001,9,8,9344
2001,9,9,8347
2001,9,10,12459
2001,9,11,13590
2001,9,12,13149
2001,9,13,13186
2001,9,14,13444
2001,9,15,9662
2001,9,16,8319
2001,9,17,12664
2001,9,18,13526
2001,9,19,13575
2001,9,20,13750
2001,9,21,13341
2001,9,22,9607
2001,9,23,8495
2001,9,24,12564
2001,9,25,14063
2001,9,26,13441
2001,9,27,13199
2001,9,28,13174
2001,9,29,9243
2001,9,30,8042
2001,10,1,12425
2001,10,2,13523
2001,10,3,13056
2001,10,4,13182
2001,10,5,12851
2001,10,6,8872
2001,10,7,7744
2001,10,8,11531
2001,10,9,12886
2001,10,10,12858
2001,10,11,12568
2001,10,12,12676
2001,10,13,8659
2001,10,14,7753
2001,10,15,11649
2001,10,16,12770
2001,10,17,12599
2001,10,18,12579
2001,10,19,12359
2001,10,20,8747
2001,10,21,7506
2001,10,22,11705
2001,10,23,12896
2001,10,24,12676
2001,10,25,12516
2001,10,26,12296
2001,10,27,8458
2001,10,28,7676
2001,10,29,11389
2001,10,30,12534
2001,10,31,10913
2001,11,1,12879
2001,11,2,12374
2001,11,3,8572
2001,11,4,7533
2001,11,5,11668
2001,11,6,12662
2001,11,7,12419
2001,11,8,12519
2001,11,9,12416
2001,11,10,8665
2001,11,11,7599
2001,11,12,11670
2001,11,13,12382
2001,11,14,12602
2001,11,15,12936
2001,11,16,12979
2001,11,17,8774
2001,11,18,7495
2001,11,19,12709
2001,11,20,13603
2001,11,21,12167
2001,11,22,7513
2001,11,23,9594
2001,11,24,8100
2001,11,25,7456
2001,11,26,11732
2001,11,27,13249
2001,11,28,12516
2001,11,29,12474
2001,11,30,12019
2001,12,1,8255
2001,12,2,7385
2001,12,3,11548
2001,12,4,12605
2001,12,5,12609
2001,12,6,12188
2001,12,7,11693
2001,12,8,8372
2001,12,9,7498
2001,12,10,11655
2001,12,11,12798
2001,12,12,12884
2001,12,13,12230
2001,12,14,12405
2001,12,15,8615
2001,12,16,7432
2001,12,17,12392
2001,12,18,13657
2001,12,19,13404
2001,12,20,13871
2001,12,21,13530
2001,12,22,9062
2001,12,23,7245
2001,12,24,7626
2001,12,25,6603
2001,12,26,11040
2001,12,27,14151
2001,12,28,14235
2001,12,29,9563
2001,12,30,7840
2001,12,31,10272
2002,1,1,7927
2002,1,2,10723
2002,1,3,12465
2002,1,4,12671
2002,1,5,8902
2002,1,6,7647
2002,1,7,11548
2002,1,8,12515
2002,1,9,11654
2002,1,10,12596
2002,1,11,12276
2002,1,12,8591
2002,1,13,7471
2002,1,14,11530
2002,1,15,12369
2002,1,16,11996
2002,1,17,12412
2002,1,18,12251
2002,1,19,8434
2002,1,20,7462
2002,1,21,10921
2002,1,22,12361
2002,1,23,12252
2002,1,24,12549
2002,1,25,12069
2002,1,26,8530
2002,1,27,7510
2002,1,28,11354
2002,1,29,12215
2002,1,30,12146
2002,1,31,12125
2002,2,1,12130
2002,2,2,9021
2002,2,3,7442
2002,2,4,11412
2002,2,5,12488
2002,2,6,12210
2002,2,7,12418
2002,2,8,12444
2002,2,9,8706
2002,2,10,7569
2002,2,11,11547
2002,2,12,12779
2002,2,13,12069
2002,2,14,13062
2002,2,15,12548
2002,2,16,8710
2002,2,17,7484
2002,2,18,10907
2002,2,19,12262
2002,2,20,12817
2002,2,21,12384
2002,2,22,12667
2002,2,23,8639
2002,2,24,7488
2002,2,25,11547
2002,2,26,12487
2002,2,27,12303
2002,2,28,12370
2002,3,1,12388
2002,3,2,8507
2002,3,3,7624
2002,3,4,11661
2002,3,5,12678
2002,3,6,12372
2002,3,7,12525
2002,3,8,12244
2002,3,9,8606
2002,3,10,7633
2002,3,11,11197
2002,3,12,12667
2002,3,13,12031
2002,3,14,12583
2002,3,15,12472
2002,3,16,8696
2002,3,17,7680
2002,3,18,11621
2002,3,19,12674
2002,3,20,12577
2002,3,21,12502
2002,3,22,12252
2002,3,23,8569
2002,3,24,7419
2002,3,25,11507
2002,3,26,12840
2002,3,27,12568
2002,3,28,12454
2002,3,29,11449
2002,3,30,8270
2002,3,31,7083
2002,4,1,10264
2002,4,2,12884
2002,4,3,12372
2002,4,4,12262
2002,4,5,12006
2002,4,6,8301
2002,4,7,7109
2002,4,8,11706
2002,4,9,12741
2002,4,10,12418
2002,4,11,12236
2002,4,12,12272
2002,4,13,8448
2002,4,14,7578
2002,4,15,11412
2002,4,16,12847
2002,4,17,12575
2002,4,18,12490
2002,4,19,12297
2002,4,20,8224
2002,4,21,7298
2002,4,22,11576
2002,4,23,12457
2002,4,24,12297
2002,4,25,12469
2002,4,26,11917
2002,4,27,8243
2002,4,28,7502
2002,4,29,11422
2002,4,30,12666
2002,5,1,12297
2002,5,2,12405
2002,5,3,12130
2002,5,4,8215
2002,5,5,7447
2002,5,6,11362
2002,5,7,12505
2002,5,8,12334
2002,5,9,12219
2002,5,10,12329
2002,5,11,8329
2002,5,12,7487
2002,5,13,11404
2002,5,14,12909
2002,5,15,12705
2002,5,16,12609
2002,5,17,12218
2002,5,18,8528
2002,5,19,7470
2002,5,20,11788
2002,5,21,12916
2002,5,22,12670
2002,5,23,13123
2002,5,24,12775
2002,5,25,8515
2002,5,26,7282
2002,5,27,7765
2002,5,28,12148
2002,5,29,13436
2002,5,30,12963
2002,5,31,12568
2002,6,1,8547
2002,6,2,7662
2002,6,3,11433
2002,6,4,12616
2002,6,5,12663
2002,6,6,12745
2002,6,7,12280
2002,6,8,8524
2002,6,9,7485
2002,6,10,11863
2002,6,11,12713
2002,6,12,12758
2002,6,13,12457
2002,6,14,12562
2002,6,15,8708
2002,6,16,7685
2002,6,17,11738
2002,6,18,13139
2002,6,19,12598
2002,6,20,12847
2002,6,21,12377
2002,6,22,8676
2002,6,23,7661
2002,6,24,11972
2002,6,25,13425
2002,6,26,13167
2002,6,27,13310
2002,6,28,12996
2002,6,29,8994
2002,6,30,7831
2002,7,1,12584
2002,7,2,14187
2002,7,3,13626
2002,7,4,9481
2002,7,5,11326
2002,7,6,8816
2002,7,7,8080
2002,7,8,12253
2002,7,9,13814
2002,7,10,13264
2002,7,11,13215
2002,7,12,12760
2002,7,13,8896
2002,7,14,7884
2002,7,15,12370
2002,7,16,13606
2002,7,17,13396
2002,7,18,13395
2002,7,19,12900
2002,7,20,8799
2002,7,21,7954
2002,7,22,12194
2002,7,23,13630
2002,7,24,13231
2002,7,25,13345
2002,7,26,12914
2002,7,27,9073
2002,7,28,7915
2002,7,29,12148
2002,7,30,13593
2002,7,31,13311
2002,8,1,13267
2002,8,2,13127
2002,8,3,8963
2002,8,4,7833
2002,8,5,12191
2002,8,6,13407
2002,8,7,13035
2002,8,8,13420
2002,8,9,12893
2002,8,10,9078
2002,8,11,7970
2002,8,12,12311
2002,8,13,13603
2002,8,14,13302
2002,8,15,13551
2002,8,16,13132
2002,8,17,9298
2002,8,18,7925
2002,8,19,12299
2002,8,20,13820
2002,8,21,13356
2002,8,22,13232
2002,8,23,13133
2002,8,24,9086
2002,8,25,7961
2002,8,26,12182
2002,8,27,13788
2002,8,28,13398
2002,8,29,13426
2002,8,30,13300
2002,8,31,9122
2002,9,1,7947
2002,9,2,8297
2002,9,3,12613
2002,9,4,13969
2002,9,5,14021
2002,9,6,13680
2002,9,7,9354
2002,9,8,8077
2002,9,9,12875
2002,9,10,13940
2002,9,11,12655
2002,9,12,14247
2002,9,13,13028
2002,9,14,9388
2002,9,15,8433
2002,9,16,12793
2002,9,17,14241
2002,9,18,13953
2002,9,19,13899
2002,9,20,13721
2002,9,21,9613
2002,9,22,8222
2002,9,23,12795
2002,9,24,14205
2002,9,25,13518
2002,9,26,13469
2002,9,27,13298
2002,9,28,9250
2002,9,29,7968
2002,9,30,12232
2002,10,1,13625
2002,10,2,13512
2002,10,3,13044
2002,10,4,12814
2002,10,5,8922
2002,10,6,7801
2002,10,7,11970
2002,10,8,13066
2002,10,9,12658
2002,10,10,12684
2002,10,11,12467
2002,10,12,8451
2002,10,13,7416
2002,10,14,11559
2002,10,15,12788
2002,10,16,12642
2002,10,17,12507
2002,10,18,12197
2002,10,19,8534
2002,10,20,7405
2002,10,21,11690
2002,10,22,13214
2002,10,23,12656
2002,10,24,12679
2002,10,25,12523
2002,10,26,8414
2002,10,27,7690
2002,10,28,11853
2002,10,29,12833
2002,10,30,12274
2002,10,31,10850
2002,11,1,12591
2002,11,2,8561
2002,11,3,7502
2002,11,4,11761
2002,11,5,12906
2002,11,6,12602
2002,11,7,12653
2002,11,8,12472
2002,11,9,8615
2002,11,10,7691
2002,11,11,11509
2002,11,12,12725
2002,11,13,12097
2002,11,14,12485
2002,11,15,12273
2002,11,16,8295
2002,11,17,7353
2002,11,18,11790
2002,11,19,12716
2002,11,20,12574
2002,11,21,12716
2002,11,22,12978
2002,11,23,8581
2002,11,24,7650
2002,11,25,12470
2002,11,26,13377
2002,11,27,11544
2002,11,28,7392
2002,11,29,9341
2002,11,30,8159
2002,12,1,7402
2002,12,2,11929
2002,12,3,13314
2002,12,4,12684
2002,12,5,12596
2002,12,6,11775
2002,12,7,8513
2002,12,8,7339
2002,12,9,11547
2002,12,10,12867
2002,12,11,12632
2002,12,12,12850
2002,12,13,11600
2002,12,14,8420
2002,12,15,7516
2002,12,16,12344
2002,12,17,13454
2002,12,18,13580
2002,12,19,13665
2002,12,20,14015
2002,12,21,9092
2002,12,22,7607
2002,12,23,11396
2002,12,24,9131
2002,12,25,6774
2002,12,26,11242
2002,12,27,13650
2002,12,28,9114
2002,12,29,8035
2002,12,30,13158
2002,12,31,12582
2003,1,1,7908
2003,1,2,11124
2003,1,3,12252
2003,1,4,8519
2003,1,5,7495
2003,1,6,11364
2003,1,7,12657
2003,1,8,12167
2003,1,9,12081
2003,1,10,12517
2003,1,11,8471
2003,1,12,7297
2003,1,13,11197
2003,1,14,12918
2003,1,15,12140
2003,1,16,12136
2003,1,17,12110
2003,1,18,8431
2003,1,19,7498
2003,1,20,11045
2003,1,21,12288
2003,1,22,12097
2003,1,23,12185
2003,1,24,12107
2003,1,25,8379
2003,1,26,7389
2003,1,27,11418
2003,1,28,12595
2003,1,29,12100
2003,1,30,12289
2003,1,31,11989
2003,2,1,8667
2003,2,2,7685
2003,2,3,11498
2003,2,4,12566
2003,2,5,12011
2003,2,6,12352
2003,2,7,12381
2003,2,8,8573
2003,2,9,7482
2003,2,10,11996
2003,2,11,12961
2003,2,12,12595
2003,2,13,12340
2003,2,14,13051
2003,2,15,8850
2003,2,16,7669
2003,2,17,10707
2003,2,18,12637
2003,2,19,12626
2003,2,20,12545
2003,2,21,12689
2003,2,22,8883
2003,2,23,7723
2003,2,24,11874
2003,2,25,12882
2003,2,26,12356
2003,2,27,12657
2003,2,28,12533
2003,3,1,8587
2003,3,2,7545
2003,3,3,12774
2003,3,4,12871
2003,3,5,12483
2003,3,6,12604
2003,3,7,12503
2003,3,8,8649
2003,3,9,7387
2003,3,10,11671
2003,3,11,12935
2003,3,12,12520
2003,3,13,12333
2003,3,14,12770
2003,3,15,8601
2003,3,16,7472
2003,3,17,11990
2003,3,18,12960
2003,3,19,12587
2003,3,20,12755
2003,3,21,12653
2003,3,22,8488
2003,3,23,7420
2003,3,24,11654
2003,3,25,13054
2003,3,26,12549
2003,3,27,12601
2003,3,28,12493
2003,3,29,8691
2003,3,30,7493
2003,3,31,11481
2003,4,1,12000
2003,4,2,12994
2003,4,3,12599
2003,4,4,12669
2003,4,5,8440
2003,4,6,7265
2003,4,7,11750
2003,4,8,13020
2003,4,9,12397
2003,4,10,12689
2003,4,11,12397
2003,4,12,8517
2003,4,13,7234
2003,4,14,11800
2003,4,15,13055
2003,4,16,12947
2003,4,17,12926
2003,4,18,11680
2003,4,19,8155
2003,4,20,7155
2003,4,21,11465
2003,4,22,12696
2003,4,23,12616
2003,4,24,12530
2003,4,25,12255
2003,4,26,8343
2003,4,27,7453
2003,4,28,11666
2003,4,29,12672
2003,4,30,12306
2003,5,1,12727
2003,5,2,12549
2003,5,3,8488
2003,5,4,7551
2003,5,5,12001
2003,5,6,13165
2003,5,7,12667
2003,5,8,12902
2003,5,9,12710
2003,5,10,8706
2003,5,11,7576
2003,5,12,12118
2003,5,13,12685
2003,5,14,12833
2003,5,15,13074
2003,5,16,12840
2003,5,17,8687
2003,5,18,7606
2003,5,19,12035
2003,5,20,13239
2003,5,21,13380
2003,5,22,13393
2003,5,23,13176
2003,5,24,8769
2003,5,25,7690
2003,5,26,7933
2003,5,27,12390
2003,5,28,13854
2003,5,29,13497
2003,5,30,13224
2003,5,31,8850
2003,6,1,7650
2003,6,2,12041
2003,6,3,13090
2003,6,4,12853
2003,6,5,12850
2003,6,6,12869
2003,6,7,8670
2003,6,8,7606
2003,6,9,11917
2003,6,10,13326
2003,6,11,13154
2003,6,12,13092
2003,6,13,12013
2003,6,14,8696
2003,6,15,7680
2003,6,16,12388
2003,6,17,13443
2003,6,18,13082
2003,6,19,12975
2003,6,20,12693
2003,6,21,8734
2003,6,22,7742
2003,6,23,12236
2003,6,24,13578
2003,6,25,13468
2003,6,26,13330
2003,6,27,12862
2003,6,28,8862
2003,6,29,7723
2003,6,30,12261
2003,7,1,13930
2003,7,2,13823
2003,7,3,13487
2003,7,4,9504
2003,7,5,8269
2003,7,6,7871
2003,7,7,12630
2003,7,8,13906
2003,7,9,13508
2003,7,10,13600
2003,7,11,13096
2003,7,12,8908
2003,7,13,7946
2003,7,14,12281
2003,7,15,13711
2003,7,16,13480
2003,7,17,13729
2003,7,18,13225
2003,7,19,8926
2003,7,20,8058
2003,7,21,12419
2003,7,22,13775
2003,7,23,13539
2003,7,24,13569
2003,7,25,12977
2003,7,26,8978
2003,7,27,7830
2003,7,28,12434
2003,7,29,13825
2003,7,30,13557
2003,7,31,13445
2003,8,1,13242
2003,8,2,8882
2003,8,3,7838
2003,8,4,12233
2003,8,5,13735
2003,8,6,13363
2003,8,7,13539
2003,8,8,13352
2003,8,9,9226
2003,8,10,7954
2003,8,11,12282
2003,8,12,13995
2003,8,13,13202
2003,8,14,13391
2003,8,15,13206
2003,8,16,9316
2003,8,17,8181
2003,8,18,12437
2003,8,19,13831
2003,8,20,13464
2003,8,21,13528
2003,8,22,13478
2003,8,23,9240
2003,8,24,7936
2003,8,25,12631
2003,8,26,14008
2003,8,27,13854
2003,8,28,14099
2003,8,29,13769
2003,8,30,9344
2003,8,31,7865
2003,9,1,8164
2003,9,2,12684
2003,9,3,14427
2003,9,4,14161
2003,9,5,13897
2003,9,6,9400
2003,9,7,8188
2003,9,8,12701
2003,9,9,13869
2003,9,10,14180
2003,9,11,13196
2003,9,12,13848
2003,9,13,9574
2003,9,14,8500
2003,9,15,13068
2003,9,16,14399
2003,9,17,14018
2003,9,18,14066
2003,9,19,13560
2003,9,20,9688
2003,9,21,8500
2003,9,22,12987
2003,9,23,14376
2003,9,24,13841
2003,9,25,13865
2003,9,26,13846
2003,9,27,9177
2003,9,28,8206
2003,9,29,12522
2003,9,30,13413
2003,10,1,13398
2003,10,2,13638
2003,10,3,13284
2003,10,4,8983
2003,10,5,7744
2003,10,6,12104
2003,10,7,13523
2003,10,8,13509
2003,10,9,13285
2003,10,10,13306
2003,10,11,8721
2003,10,12,7816
2003,10,13,11455
2003,10,14,13274
2003,10,15,12949
2003,10,16,12711
2003,10,17,12676
2003,10,18,8564
2003,10,19,7561
2003,10,20,12073
2003,10,21,13300
2003,10,22,13054
2003,10,23,12817
2003,10,24,12566
2003,10,25,8568
2003,10,26,7818
2003,10,27,11956
2003,10,28,13426
2003,10,29,12950
2003,10,30,12600
2003,10,31,11005
2003,11,1,8491
2003,11,2,7716
2003,11,3,12443
2003,11,4,13374
2003,11,5,12998
2003,11,6,12801
2003,11,7,12535
2003,11,8,8719
2003,11,9,7481
2003,11,10,12117
2003,11,11,13166
2003,11,12,12680
2003,11,13,12438
2003,11,14,12433
2003,11,15,8309
2003,11,16,7486
2003,11,17,12006
2003,11,18,13330
2003,11,19,12879
2003,11,20,12988
2003,11,21,13036
2003,11,22,8623
2003,11,23,7383
2003,11,24,13035
2003,11,25,13732
2003,11,26,12069
2003,11,27,7340
2003,11,28,9407
2003,11,29,8043
2003,11,30,7330
2003,12,1,12213
2003,12,2,13454
2003,12,3,13199
2003,12,4,12631
2003,12,5,12180
2003,12,6,8247
2003,12,7,7383
2003,12,8,11708
2003,12,9,13001
2003,12,10,12739
2003,12,11,12502
2003,12,12,12484
2003,12,13,8303
2003,12,14,7462
2003,12,15,12319
2003,12,16,13649
2003,12,17,13454
2003,12,18,13865
2003,12,19,13693
2003,12,20,8953
2003,12,21,7657
2003,12,22,13249
2003,12,23,12939
2003,12,24,9272
2003,12,25,6744
2003,12,26,10431
2003,12,27,8785
2003,12,28,7763
2003,12,29,13125
2003,12,30,14700
2003,12,31,12540
2004,1,1,8205
2004,1,2,10586
2004,1,3,8337
2004,1,4,7359
2004,1,5,11489
2004,1,6,12755
2004,1,7,12716
2004,1,8,12781
2004,1,9,12469
2004,1,10,8337
2004,1,11,7316
2004,1,12,11813
2004,1,13,12639
2004,1,14,12965
2004,1,15,12837
2004,1,16,12424
2004,1,17,8442
2004,1,18,7512
2004,1,19,11152
2004,1,20,12810
2004,1,21,12753
2004,1,22,12675
2004,1,23,12643
2004,1,24,8632
2004,1,25,7556
2004,1,26,11611
2004,1,27,12892
2004,1,28,12373
2004,1,29,12313
2004,1,30,12375
2004,1,31,8310
2004,2,1,7270
2004,2,2,11686
2004,2,3,13211
2004,2,4,12580
2004,2,5,12572
2004,2,6,12371
2004,2,7,8533
2004,2,8,7440
2004,2,9,11654
2004,2,10,13139
2004,2,11,12966
2004,2,12,12957
2004,2,13,11749
2004,2,14,8944
2004,2,15,7603
2004,2,16,11280
2004,2,17,12790
2004,2,18,12954
2004,2,19,12709
2004,2,20,12720
2004,2,21,8481
2004,2,22,7552
2004,2,23,11565
2004,2,24,13009
2004,2,25,12800
2004,2,26,12621
2004,2,27,12403
2004,2,28,8488
2004,2,29,7301
2004,3,1,12017
2004,3,2,12943
2004,3,3,12696
2004,3,4,12611
2004,3,5,12407
2004,3,6,8532
2004,3,7,7304
2004,3,8,11816
2004,3,9,12988
2004,3,10,12777
2004,3,11,12797
2004,3,12,12519
2004,3,13,8398
2004,3,14,7401
2004,3,15,11903
2004,3,16,12873
2004,3,17,12979
2004,3,18,12710
2004,3,19,12480
2004,3,20,8329
2004,3,21,7548
2004,3,22,11842
2004,3,23,12978
2004,3,24,12765
2004,3,25,12835
2004,3,26,12372
2004,3,27,8602
2004,3,28,7549
2004,3,29,11788
2004,3,30,13078
2004,3,31,12542
2004,4,1,12138
2004,4,2,12776
2004,4,3,8479
2004,4,4,7559
2004,4,5,12013
2004,4,6,13122
2004,4,7,12929
2004,4,8,12836
2004,4,9,11695
2004,4,10,8148
2004,4,11,6969
2004,4,12,11751
2004,4,13,12613
2004,4,14,12732
2004,4,15,12785
2004,4,16,12482
2004,4,17,8584
2004,4,18,7447
2004,4,19,11792
2004,4,20,13128
2004,4,21,12787
2004,4,22,12866
2004,4,23,12442
2004,4,24,8595
2004,4,25,7507
2004,4,26,12020
2004,4,27,13147
2004,4,28,12756
2004,4,29,12617
2004,4,30,12364
2004,5,1,8259
2004,5,2,7433
2004,5,3,11839
2004,5,4,12824
2004,5,5,12852
2004,5,6,12707
2004,5,7,12582
2004,5,8,8599
2004,5,9,7380
2004,5,10,12243
2004,5,11,13229
2004,5,12,12989
2004,5,13,12373
2004,5,14,12688
2004,5,15,8498
2004,5,16,7614
2004,5,17,12172
2004,5,18,13294
2004,5,19,12576
2004,5,20,13036
2004,5,21,12625
2004,5,22,8614
2004,5,23,7628
2004,5,24,12341
2004,5,25,13451
2004,5,26,12891
2004,5,27,13470
2004,5,28,12941
2004,5,29,8720
2004,5,30,7511
2004,5,31,7869
2004,6,1,12440
2004,6,2,13785
2004,6,3,13644
2004,6,4,13059
2004,6,5,8706
2004,6,6,7451
2004,6,7,12173
2004,6,8,13339
2004,6,9,12806
2004,6,10,13141
2004,6,11,12691
2004,6,12,8581
2004,6,13,7649
2004,6,14,12200
2004,6,15,13317
2004,6,16,13141
2004,6,17,13165
2004,6,18,12785
2004,6,19,8492
2004,6,20,7629
2004,6,21,12093
2004,6,22,13237
2004,6,23,13096
2004,6,24,13267
2004,6,25,13074
2004,6,26,8786
2004,6,27,7715
2004,6,28,12383
2004,6,29,13587
2004,6,30,13444
2004,7,1,13887
2004,7,2,13271
2004,7,3,8900
2004,7,4,7820
2004,7,5,8978
2004,7,6,13221
2004,7,7,14496
2004,7,8,14056
2004,7,9,13874
2004,7,10,9040
2004,7,11,7862
2004,7,12,12621
2004,7,13,13214
2004,7,14,13610
2004,7,15,13601
2004,7,16,13411
2004,7,17,9067
2004,7,18,7797
2004,7,19,12286
2004,7,20,13804
2004,7,21,13370
2004,7,22,13574
2004,7,23,12974
2004,7,24,9046
2004,7,25,7549
2004,7,26,12266
2004,7,27,13454
2004,7,28,13258
2004,7,29,13281
2004,7,30,12934
2004,7,31,8858
2004,8,1,7837
2004,8,2,12428
2004,8,3,13249
2004,8,4,13498
2004,8,5,13234
2004,8,6,12935
2004,8,7,8860
2004,8,8,7773
2004,8,9,12310
2004,8,10,13571
2004,8,11,13405
2004,8,12,13448
2004,8,13,12275
2004,8,14,8884
2004,8,15,7885
2004,8,16,12328
2004,8,17,13551
2004,8,18,13274
2004,8,19,13088
2004,8,20,13228
2004,8,21,8944
2004,8,22,7950
2004,8,23,12285
2004,8,24,13556
2004,8,25,13116
2004,8,26,13196
2004,8,27,12971
2004,8,28,9049
2004,8,29,7783
2004,8,30,12342
2004,8,31,13582
2004,9,1,13418
2004,9,2,13539
2004,9,3,13245
2004,9,4,8881
2004,9,5,7875
2004,9,6,8281
2004,9,7,12884
2004,9,8,14492
2004,9,9,14526
2004,9,10,14081
2004,9,11,9253
2004,9,12,8281
2004,9,13,12644
2004,9,14,14172
2004,9,15,13641
2004,9,16,13432
2004,9,17,13577
2004,9,18,9387
2004,9,19,8251
2004,9,20,12963
2004,9,21,13932
2004,9,22,13749
2004,9,23,13969
2004,9,24,13722
2004,9,25,9142
2004,9,26,8143
2004,9,27,12674
2004,9,28,13882
2004,9,29,13416
2004,9,30,13443
2004,10,1,13256
2004,10,2,8886
2004,10,3,7719
2004,10,4,12591
2004,10,5,13707
2004,10,6,13317
2004,10,7,13383
2004,10,8,13122
2004,10,9,8716
2004,10,10,7709
2004,10,11,11758
2004,10,12,13405
2004,10,13,13069
2004,10,14,13259
2004,10,15,13111
2004,10,16,8802
2004,10,17,7661
2004,10,18,12252
2004,10,19,13271
2004,10,20,12967
2004,10,21,12959
2004,10,22,12887
2004,10,23,8627
2004,10,24,7699
2004,10,25,12341
2004,10,26,13464
2004,10,27,13178
2004,10,28,13287
2004,10,29,12473
2004,10,30,8616
2004,10,31,7556
2004,11,1,12173
2004,11,2,13212
2004,11,3,13004
2004,11,4,13075
2004,11,5,12900
2004,11,6,8789
2004,11,7,7734
2004,11,8,12420
2004,11,9,13351
2004,11,10,13017
2004,11,11,12976
2004,11,12,12783
2004,11,13,8626
2004,11,14,7503
2004,11,15,12293
2004,11,16,13528
2004,11,17,13124
2004,11,18,13348
2004,11,19,13063
2004,11,20,8694
2004,11,21,7742
2004,11,22,13463
2004,11,23,14238
2004,11,24,12430
2004,11,25,7614
2004,11,26,9370
2004,11,27,8118
2004,11,28,7540
2004,11,29,12315
2004,11,30,13916
2004,12,1,13385
2004,12,2,12989
2004,12,3,12604
2004,12,4,8616
2004,12,5,7606
2004,12,6,12054
2004,12,7,13372
2004,12,8,13179
2004,12,9,12872
2004,12,10,12719
2004,12,11,8550
2004,12,12,7649
2004,12,13,11809
2004,12,14,13360
2004,12,15,13380
2004,12,16,13418
2004,12,17,13090
2004,12,18,8623
2004,12,19,7552
2004,12,20,13587
2004,12,21,14390
2004,12,22,13006
2004,12,23,11043
2004,12,24,7813
2004,12,25,6259
2004,12,26,7087
2004,12,27,12276
2004,12,28,13965
2004,12,29,13642
2004,12,30,13314
2004,12,31,10130
2005,1,1,7317
2005,1,2,6871
2005,1,3,11153
2005,1,4,12644
2005,1,5,12671
2005,1,6,12733
2005,1,7,12581
2005,1,8,8376
2005,1,9,7169
2005,1,10,11803
2005,1,11,12949
2005,1,12,12842
2005,1,13,12357
2005,1,14,12562
2005,1,15,8502
2005,1,16,7192
2005,1,17,11059
2005,1,18,12677
2005,1,19,12726
2005,1,20,12847
2005,1,21,12579
2005,1,22,8255
2005,1,23,7376
2005,1,24,11716
2005,1,25,13295
2005,1,26,12733
2005,1,27,12680
2005,1,28,12578
2005,1,29,8303
2005,1,30,7402
2005,1,31,11530
2005,2,1,13263
2005,2,2,12966
2005,2,3,12638
2005,2,4,12671
2005,2,5,8539
2005,2,6,7432
2005,2,7,11867
2005,2,8,12927
2005,2,9,12469
2005,2,10,12865
2005,2,11,12517
2005,2,12,8462
2005,2,13,7395
2005,2,14,12386
2005,2,15,13378
2005,2,16,13029
2005,2,17,12718
2005,2,18,12589
2005,2,19,8318
2005,2,20,7342
2005,2,21,11087
2005,2,22,12699
2005,2,23,12685
2005,2,24,12733
2005,2,25,12495
2005,2,26,8293
2005,2,27,7449
2005,2,28,11678
2005,3,1,13042
2005,3,2,12765
2005,3,3,13018
2005,3,4,12772
2005,3,5,8499
2005,3,6,7382
2005,3,7,11801
2005,3,8,12969
2005,3,9,12700
2005,3,10,12920
2005,3,11,12777
2005,3,12,8511
2005,3,13,7239
2005,3,14,12086
2005,3,15,13144
2005,3,16,12718
2005,3,17,13118
2005,3,18,12690
2005,3,19,8557
2005,3,20,7454
2005,3,21,12108
2005,3,22,13386
2005,3,23,12910
2005,3,24,12912
2005,3,25,12111
2005,3,26,7980
2005,3,27,6923
2005,3,28,11820
2005,3,29,13028
2005,3,30,12947
2005,3,31,12834
2005,4,1,11760
2005,4,2,8574
2005,4,3,7065
2005,4,4,12457
2005,4,5,13274
2005,4,6,13200
2005,4,7,12996
2005,4,8,12747
2005,4,9,8355
2005,4,10,7443
2005,4,11,12143
2005,4,12,13146
2005,4,13,12452
2005,4,14,12976
2005,4,15,13063
2005,4,16,8291
2005,4,17,7214
2005,4,18,12023
2005,4,19,13197
2005,4,20,13120
2005,4,21,12978
2005,4,22,12543
2005,4,23,8244
2005,4,24,7267
2005,4,25,12002
2005,4,26,13157
2005,4,27,12929
2005,4,28,12822
2005,4,29,12342
2005,4,30,8280
2005,5,1,7230
2005,5,2,11980
2005,5,3,13079
2005,5,4,12841
2005,5,5,14357
2005,5,6,12496
2005,5,7,8204
2005,5,8,7349
2005,5,9,12155
2005,5,10,13299
2005,5,11,12762
2005,5,12,13251
2005,5,13,11803
2005,5,14,8610
2005,5,15,7515
2005,5,16,12307
2005,5,17,13659
2005,5,18,13378
2005,5,19,13114
2005,5,20,13007
2005,5,21,8490
2005,5,22,7386
2005,5,23,12445
2005,5,24,13740
2005,5,25,13793
2005,5,26,13654
2005,5,27,13378
2005,5,28,8688
2005,5,29,7270
2005,5,30,7886
2005,5,31,12610
2005,6,1,14054
2005,6,2,13666
2005,6,3,13483
2005,6,4,8686
2005,6,5,7791
2005,6,6,12363
2005,6,7,13481
2005,6,8,13138
2005,6,9,13422
2005,6,10,13230
2005,6,11,8621
2005,6,12,7487
2005,6,13,11843
2005,6,14,13815
2005,6,15,13261
2005,6,16,13033
2005,6,17,12821
2005,6,18,8573
2005,6,19,7522
2005,6,20,12332
2005,6,21,13439
2005,6,22,13342
2005,6,23,13458
2005,6,24,13032
2005,6,25,8737
2005,6,26,7603
2005,6,27,12488
2005,6,28,13813
2005,6,29,14039
2005,6,30,14003
2005,7,1,13759
2005,7,2,8862
2005,7,3,7668
2005,7,4,7733
2005,7,5,12847
2005,7,6,14562
2005,7,7,14627
2005,7,8,14136
2005,7,9,9189
2005,7,10,7829
2005,7,11,12626
2005,7,12,13884
2005,7,13,13431
2005,7,14,14038
2005,7,15,13685
2005,7,16,9036
2005,7,17,7793
2005,7,18,12698
2005,7,19,13791
2005,7,20,13603
2005,7,21,13870
2005,7,22,13390
2005,7,23,8916
2005,7,24,7762
2005,7,25,12651
2005,7,26,13671
2005,7,27,13528
2005,7,28,13621
2005,7,29,13260
2005,7,30,8987
2005,7,31,7743
2005,8,1,12415
2005,8,2,13730
2005,8,3,13350
2005,8,4,13511
2005,8,5,13413
2005,8,6,8820
2005,8,7,7662
2005,8,8,12553
2005,8,9,13893
2005,8,10,13593
2005,8,11,14011
2005,8,12,13610
2005,8,13,9049
2005,8,14,7867
2005,8,15,12740
2005,8,16,13998
2005,8,17,13801
2005,8,18,14009
2005,8,19,13365
2005,8,20,9118
2005,8,21,7776
2005,8,22,12487
2005,8,23,13739
2005,8,24,13569
2005,8,25,13824
2005,8,26,13327
2005,8,27,8952
2005,8,28,7743
2005,8,29,12711
2005,8,30,13933
2005,8,31,13898
2005,9,1,14160
2005,9,2,13904
2005,9,3,9128
2005,9,4,7931
2005,9,5,8116
2005,9,6,13124
2005,9,7,14744
2005,9,8,14740
2005,9,9,14505
2005,9,10,9565
2005,9,11,8041
2005,9,12,13189
2005,9,13,13951
2005,9,14,14160
2005,9,15,14263
2005,9,16,14189
2005,9,17,9459
2005,9,18,8262
2005,9,19,13460
2005,9,20,14590
2005,9,21,14203
2005,9,22,13973
2005,9,23,13776
2005,9,24,9207
2005,9,25,8028
2005,9,26,12952
2005,9,27,13955
2005,9,28,13785
2005,9,29,13540
2005,9,30,13454
2005,10,1,8820
2005,10,2,7841
2005,10,3,12816
2005,10,4,13449
2005,10,5,13488
2005,10,6,13552
2005,10,7,13056
2005,10,8,8846
2005,10,9,7508
2005,10,10,12298
2005,10,11,13256
2005,10,12,13191
2005,10,13,12922
2005,10,14,13087
2005,10,15,8733
2005,10,16,7432
2005,10,17,12230
2005,10,18,13442
2005,10,19,12932
2005,10,20,13267
2005,10,21,12828
2005,10,22,8568
2005,10,23,7371
2005,10,24,12012
2005,10,25,13351
2005,10,26,12798
2005,10,27,13273
2005,10,28,12619
2005,10,29,8509
2005,10,30,7459
2005,10,31,10207
2005,11,1,13682
2005,11,2,13275
2005,11,3,13284
2005,11,4,12928
2005,11,5,8675
2005,11,6,7565
2005,11,7,12176
2005,11,8,13678
2005,11,9,13208
2005,11,10,13227
2005,11,11,12584
2005,11,12,8333
2005,11,13,7420
2005,11,14,12164
2005,11,15,13549
2005,11,16,13113
2005,11,17,13280
2005,11,18,13153
2005,11,19,8481
2005,11,20,7594
2005,11,21,13399
2005,11,22,14175
2005,11,23,12202
2005,11,24,7267
2005,11,25,9090
2005,11,26,7848
2005,11,27,7197
2005,11,28,12716
2005,11,29,13743
2005,11,30,13176
2005,12,1,13210
2005,12,2,12599
2005,12,3,8241
2005,12,4,7297
2005,12,5,12106
2005,12,6,13249
2005,12,7,13017
2005,12,8,13048
2005,12,9,12391
2005,12,10,8401
2005,12,11,7368
2005,12,12,12494
2005,12,13,13323
2005,12,14,13768
2005,12,15,13586
2005,12,16,13320
2005,12,17,8701
2005,12,18,7617
2005,12,19,13410
2005,12,20,14659
2005,12,21,14159
2005,12,22,12877
2005,12,23,10642
2005,12,24,7256
2005,12,25,6224
2005,12,26,8505
2005,12,27,13056
2005,12,28,14381
2005,12,29,13972
2005,12,30,13208
2005,12,31,8635
2006,1,1,7137
2006,1,2,8198
2006,1,3,11992
2006,1,4,12966
2006,1,5,13117
2006,1,6,13071
2006,1,7,8546
2006,1,8,7409
2006,1,9,11809
2006,1,10,12992
2006,1,11,12844
2006,1,12,13309
2006,1,13,11994
2006,1,14,8628
2006,1,15,7312
2006,1,16,11477
2006,1,17,13018
2006,1,18,13079
2006,1,19,13125
2006,1,20,13040
2006,1,21,8408
2006,1,22,7442
2006,1,23,12102
2006,1,24,12983
2006,1,25,12911
2006,1,26,13044
2006,1,27,12917
2006,1,28,8439
2006,1,29,7572
2006,1,30,12150
2006,1,31,12945
2006,2,1,12960
2006,2,2,13231
2006,2,3,13089
2006,2,4,8647
2006,2,5,7506
2006,2,6,12302
2006,2,7,13555
2006,2,8,13057
2006,2,9,13232
2006,2,10,13298
2006,2,11,8702
2006,2,12,7404
2006,2,13,11955
2006,2,14,13886
2006,2,15,13424
2006,2,16,13303
2006,2,17,13218
2006,2,18,8738
2006,2,19,7577
2006,2,20,11466
2006,2,21,13172
2006,2,22,13341
2006,2,23,13280
2006,2,24,12832
2006,2,25,8557
2006,2,26,7400
2006,2,27,12080
2006,2,28,13223
2006,3,1,13422
2006,3,2,13210
2006,3,3,13212
2006,3,4,8682
2006,3,5,7440
2006,3,6,12361
2006,3,7,13248
2006,3,8,13427
2006,3,9,13305
2006,3,10,13162
2006,3,11,8602
2006,3,12,7558
2006,3,13,11742
2006,3,14,13358
2006,3,15,13183
2006,3,16,13125
2006,3,17,13003
2006,3,18,8757
2006,3,19,7355
2006,3,20,12335
2006,3,21,13378
2006,3,22,13027
2006,3,23,13042
2006,3,24,12874
2006,3,25,8381
2006,3,26,7403
2006,3,27,12095
2006,3,28,13246
2006,3,29,13114
2006,3,30,13067
2006,3,31,12406
2006,4,1,8268
2006,4,2,7271
2006,4,3,12398
2006,4,4,13287
2006,4,5,13348
2006,4,6,13069
2006,4,7,12922
2006,4,8,8333
2006,4,9,7314
2006,4,10,12233
2006,4,11,13504
2006,4,12,13120
2006,4,13,12853
2006,4,14,12139
2006,4,15,8227
2006,4,16,7030
2006,4,17,11897
2006,4,18,13415
2006,4,19,12979
2006,4,20,13157
2006,4,21,12776
2006,4,22,8397
2006,4,23,7141
2006,4,24,12164
2006,4,25,13238
2006,4,26,13011
2006,4,27,13120
2006,4,28,12562
2006,4,29,8287
2006,4,30,7127
2006,5,1,12248
2006,5,2,13242
2006,5,3,13059
2006,5,4,12941
2006,5,5,12983
2006,5,6,8297
2006,5,7,7343
2006,5,8,12355
2006,5,9,13100
2006,5,10,13079
2006,5,11,12921
2006,5,12,12685
2006,5,13,8260
2006,5,14,7288
2006,5,15,12476
2006,5,16,13630
2006,5,17,13444
2006,5,18,13274
2006,5,19,12731
2006,5,20,8624
2006,5,21,7473
2006,5,22,12775
2006,5,23,13827
2006,5,24,13544
2006,5,25,14074
2006,5,26,13355
2006,5,27,8883
2006,5,28,7651
2006,5,29,8099
2006,5,30,13051
2006,5,31,14189
2006,6,1,14257
2006,6,2,13772
2006,6,3,8878
2006,6,4,7834
2006,6,5,13004
2006,6,6,11661
2006,6,7,13693
2006,6,8,14137
2006,6,9,13203
2006,6,10,8619
2006,6,11,7653
2006,6,12,12652
2006,6,13,13378
2006,6,14,13800
2006,6,15,13765
2006,6,16,13461
2006,6,17,8892
2006,6,18,7902
2006,6,19,12869
2006,6,20,14021
2006,6,21,13586
2006,6,22,13722
2006,6,23,13136
2006,6,24,8740
2006,6,25,7727
2006,6,26,12660
2006,6,27,14119
2006,6,28,14246
2006,6,29,14218
2006,6,30,14010
2006,7,1,9285
2006,7,2,7817
2006,7,3,11867
2006,7,4,9083
2006,7,5,13124
2006,7,6,15007
2006,7,7,14580
2006,7,8,9526
2006,7,9,8088
2006,7,10,13306
2006,7,11,14413
2006,7,12,13919
2006,7,13,13926
2006,7,14,14174
2006,7,15,9477
2006,7,16,8150
2006,7,17,13454
2006,7,18,14456
2006,7,19,14019
2006,7,20,14239
2006,7,21,14195
2006,7,22,9219
2006,7,23,8156
2006,7,24,13075
2006,7,25,14387
2006,7,26,14093
2006,7,27,14270
2006,7,28,13912
2006,7,29,9332
2006,7,30,8105
2006,7,31,12791
2006,8,1,14537
2006,8,2,14114
2006,8,3,14093
2006,8,4,13899
2006,8,5,9441
2006,8,6,7881
2006,8,7,13112
2006,8,8,14507
2006,8,9,14277
2006,8,10,14331
2006,8,11,13975
2006,8,12,9401
2006,8,13,7979
2006,8,14,13313
2006,8,15,14570
2006,8,16,14330
2006,8,17,14355
2006,8,18,13864
2006,8,19,9509
2006,8,20,8217
2006,8,21,13236
2006,8,22,14433
2006,8,23,14360
2006,8,24,14109
2006,8,25,13921
2006,8,26,9313
2006,8,27,8144
2006,8,28,13433
2006,8,29,14688
2006,8,30,14466
2006,8,31,14391
2006,9,1,14458
2006,9,2,9426
2006,9,3,8162
2006,9,4,8298
2006,9,5,13654
2006,9,6,15391
2006,9,7,15454
2006,9,8,15018
2006,9,9,9759
2006,9,10,8407
2006,9,11,12868
2006,9,12,15078
2006,9,13,14769
2006,9,14,15099
2006,9,15,14762
2006,9,16,9648
2006,9,17,8701
2006,9,18,13958
2006,9,19,15205
2006,9,20,14850
2006,9,21,14965
2006,9,22,14708
2006,9,23,9815
2006,9,24,8371
2006,9,25,13740
2006,9,26,14912
2006,9,27,14465
2006,9,28,14281
2006,9,29,13828
2006,9,30,9154
2006,10,1,8263
2006,10,2,13109
2006,10,3,14550
2006,10,4,14214
2006,10,5,14212
2006,10,6,13829
2006,10,7,9015
2006,10,8,7940
2006,10,9,12796
2006,10,10,14480
2006,10,11,14086
2006,10,12,13985
2006,10,13,12628
2006,10,14,8804
2006,10,15,7757
2006,10,16,12873
2006,10,17,14304
2006,10,18,13877
2006,10,19,13648
2006,10,20,13327
2006,10,21,8803
2006,10,22,7805
2006,10,23,12836
2006,10,24,14153
2006,10,25,13751
2006,10,26,13974
2006,10,27,13374
2006,10,28,8789
2006,10,29,7974
2006,10,30,12465
2006,10,31,12064
2006,11,1,13969
2006,11,2,13920
2006,11,3,13589
2006,11,4,8787
2006,11,5,7957
2006,11,6,12893
2006,11,7,13779
2006,11,8,13798
2006,11,9,13783
2006,11,10,13571
2006,11,11,8807
2006,11,12,7650
2006,11,13,12546
2006,11,14,14229
2006,11,15,13881
2006,11,16,14073
2006,11,17,14158
2006,11,18,8844
2006,11,19,7577
2006,11,20,14053
2006,11,21,14835
2006,11,22,13181
2006,11,23,7521
2006,11,24,9640
2006,11,25,8217
2006,11,26,7585
2006,11,27,13150
2006,11,28,14575
2006,11,29,13997
2006,11,30,13411
2006,12,1,13451
2006,12,2,8740
2006,12,3,7607
2006,12,4,12498
2006,12,5,13859
2006,12,6,13840
2006,12,7,13619
2006,12,8,12945
2006,12,9,8769
2006,12,10,7520
2006,12,11,12803
2006,12,12,14301
2006,12,13,13794
2006,12,14,13993
2006,12,15,13489
2006,12,16,9012
2006,12,17,7741
2006,12,18,13597
2006,12,19,14900
2006,12,20,14900
2006,12,21,14452
2006,12,22,12998
2006,12,23,8318
2006,12,24,6708
2006,12,25,6409
2006,12,26,11087
2006,12,27,14795
2006,12,28,14997
2006,12,29,14402
2006,12,30,9498
2006,12,31,7569
2007,1,1,7322
2007,1,2,11807
2007,1,3,13687
2007,1,4,13564
2007,1,5,13960
2007,1,6,8865
2007,1,7,7580
2007,1,8,12315
2007,1,9,13237
2007,1,10,13264
2007,1,11,13517
2007,1,12,13400
2007,1,13,8670
2007,1,14,7653
2007,1,15,11820
2007,1,16,12825
2007,1,17,13244
2007,1,18,13495
2007,1,19,12921
2007,1,20,8600
2007,1,21,7563
2007,1,22,12454
2007,1,23,13418
2007,1,24,13320
2007,1,25,13448
2007,1,26,13110
2007,1,27,8633
2007,1,28,7633
2007,1,29,12402
2007,1,30,13486
2007,1,31,13308
2007,2,1,13557
2007,2,2,13305
2007,2,3,8821
2007,2,4,7628
2007,2,5,12369
2007,2,6,13495
2007,2,7,13466
2007,2,8,13451
2007,2,9,13419
2007,2,10,8732
2007,2,11,7833
2007,2,12,12792
2007,2,13,13437
2007,2,14,13647
2007,2,15,13642
2007,2,16,13517
2007,2,17,8940
2007,2,18,7791
2007,2,19,11752
2007,2,20,13466
2007,2,21,13470
2007,2,22,13748
2007,2,23,13347
2007,2,24,8732
2007,2,25,7725
2007,2,26,12578
2007,2,27,13591
2007,2,28,13366
2007,3,1,13572
2007,3,2,13244
2007,3,3,8739
2007,3,4,7566
2007,3,5,12480
2007,3,6,13551
2007,3,7,13520
2007,3,8,13751
2007,3,9,13508
2007,3,10,8729
2007,3,11,7390
2007,3,12,12524
2007,3,13,13147
2007,3,14,13311
2007,3,15,13471
2007,3,16,13286
2007,3,17,8791
2007,3,18,7681
2007,3,19,12366
2007,3,20,13844
2007,3,21,13710
2007,3,22,13388
2007,3,23,13464
2007,3,24,8762
2007,3,25,7785
2007,3,26,12462
2007,3,27,13664
2007,3,28,13420
2007,3,29,13171
2007,3,30,13138
2007,3,31,8453
2007,4,1,7372
2007,4,2,12450
2007,4,3,13504
2007,4,4,13729
2007,4,5,13360
2007,4,6,12308
2007,4,7,8253
2007,4,8,6903
2007,4,9,12120
2007,4,10,13564
2007,4,11,13430
2007,4,12,13609
2007,4,13,12168
2007,4,14,8237
2007,4,15,7225
2007,4,16,12502
2007,4,17,13604
2007,4,18,13386
2007,4,19,13358
2007,4,20,13000
2007,4,21,8302
2007,4,22,7590
2007,4,23,12431
2007,4,24,13519
2007,4,25,13368
2007,4,26,13001
2007,4,27,12795
2007,4,28,8302
2007,4,29,7409
2007,4,30,12182
2007,5,1,13902
2007,5,2,13325
2007,5,3,13155
2007,5,4,12773
2007,5,5,8374
2007,5,6,7476
2007,5,7,12250
2007,5,8,13267
2007,5,9,13111
2007,5,10,13504
2007,5,11,13070
2007,5,12,8489
2007,5,13,7260
2007,5,14,12552
2007,5,15,13995
2007,5,16,13723
2007,5,17,13408
2007,5,18,12782
2007,5,19,8560
2007,5,20,7577
2007,5,21,12816
2007,5,22,14143
2007,5,23,13906
2007,5,24,14010
2007,5,25,13670
2007,5,26,8764
2007,5,27,7607
2007,5,28,7917
2007,5,29,13291
2007,5,30,14569
2007,5,31,14245
2007,6,1,13714
2007,6,2,8977
2007,6,3,7813
2007,6,4,12711
2007,6,5,13848
2007,6,6,13703
2007,6,7,13674
2007,6,8,13595
2007,6,9,8810
2007,6,10,7596
2007,6,11,12826
2007,6,12,13969
2007,6,13,13534
2007,6,14,14139
2007,6,15,13563
2007,6,16,8967
2007,6,17,7837
2007,6,18,13178
2007,6,19,14017
2007,6,20,13904
2007,6,21,13837
2007,6,22,13697
2007,6,23,9105
2007,6,24,7710
2007,6,25,12972
2007,6,26,14395
2007,6,27,14318
2007,6,28,14224
2007,6,29,13837
2007,6,30,9016
2007,7,1,7937
2007,7,2,13794
2007,7,3,14814
2007,7,4,9746
2007,7,5,13367
2007,7,6,14143
2007,7,7,10499
2007,7,8,8322
2007,7,9,13473
2007,7,10,14927
2007,7,11,14594
2007,7,12,14115
2007,7,13,13228
2007,7,14,9327
2007,7,15,7983
2007,7,16,13483
2007,7,17,14828
2007,7,18,14349
2007,7,19,14169
2007,7,20,14070
2007,7,21,9356
2007,7,22,7963
2007,7,23,13293
2007,7,24,14783
2007,7,25,14510
2007,7,26,14212
2007,7,27,14354
2007,7,28,9258
2007,7,29,8116
2007,7,30,13439
2007,7,31,14409
2007,8,1,14627
2007,8,2,14241
2007,8,3,13961
2007,8,4,9083
2007,8,5,8160
2007,8,6,13318
2007,8,7,14670
2007,8,8,14477
2007,8,9,14314
2007,8,10,13836
2007,8,11,9200
2007,8,12,7945
2007,8,13,13199
2007,8,14,14695
2007,8,15,14629
2007,8,16,14674
2007,8,17,14136
2007,8,18,9332
2007,8,19,8115
2007,8,20,13496
2007,8,21,14541
2007,8,22,14344
2007,8,23,14447
2007,8,24,14162
2007,8,25,9234
2007,8,26,8025
2007,8,27,13187
2007,8,28,14959
2007,8,29,14517
2007,8,30,14668
2007,8,31,14163
2007,9,1,9465
2007,9,2,7957
2007,9,3,8397
2007,9,4,13600
2007,9,5,15440
2007,9,6,15010
2007,9,7,14818
2007,9,8,9745
2007,9,9,8389
2007,9,10,13844
2007,9,11,14063
2007,9,12,14960
2007,9,13,14525
2007,9,14,14603
2007,9,15,9807
2007,9,16,8283
2007,9,17,13798
2007,9,18,15194
2007,9,19,14783
2007,9,20,15139
2007,9,21,14473
2007,9,22,9604
2007,9,23,8512
2007,9,24,13534
2007,9,25,14788
2007,9,26,14417
2007,9,27,14519
2007,9,28,13926
2007,9,29,9198
2007,9,30,7983
2007,10,1,13244
2007,10,2,14231
2007,10,3,14021
2007,10,4,13756
2007,10,5,13649
2007,10,6,8901
2007,10,7,7858
2007,10,8,12582
2007,10,9,14033
2007,10,10,14086
2007,10,11,13580
2007,10,12,13400
2007,10,13,8756
2007,10,14,7579
2007,10,15,12987
2007,10,16,14039
2007,10,17,13783
2007,10,18,13581
2007,10,19,13437
2007,10,20,8607
2007,10,21,7723
2007,10,22,12730
2007,10,23,13681
2007,10,24,13771
2007,10,25,13874
2007,10,26,13223
2007,10,27,8806
2007,10,28,7560
2007,10,29,12648
2007,10,30,13389
2007,10,31,11757
2007,11,1,13926
2007,11,2,13803
2007,11,3,8837
2007,11,4,7975
2007,11,5,13023
2007,11,6,14159
2007,11,7,13905
2007,11,8,13734
2007,11,9,13542
2007,11,10,8755
2007,11,11,7920
2007,11,12,12746
2007,11,13,13640
2007,11,14,13850
2007,11,15,14432
2007,11,16,14156
2007,11,17,9123
2007,11,18,7898
2007,11,19,13944
2007,11,20,14808
2007,11,21,13230
2007,11,22,7567
2007,11,23,9598
2007,11,24,8380
2007,11,25,7668
2007,11,26,13192
2007,11,27,14707
2007,11,28,14030
2007,11,29,13821
2007,11,30,12966
2007,12,1,8761
2007,12,2,7676
2007,12,3,12581
2007,12,4,13878
2007,12,5,13695
2007,12,6,13514
2007,12,7,13168
2007,12,8,8676
2007,12,9,7603
2007,12,10,12759
2007,12,11,13962
2007,12,12,13906
2007,12,13,13418
2007,12,14,13267
2007,12,15,8654
2007,12,16,7636
2007,12,17,13455
2007,12,18,14983
2007,12,19,14941
2007,12,20,15214
2007,12,21,14808
2007,12,22,9194
2007,12,23,7398
2007,12,24,7727
2007,12,25,6624
2007,12,26,12306
2007,12,27,15590
2007,12,28,15555
2007,12,29,9961
2007,12,30,8191
2007,12,31,11102
2008,1,1,8014
2008,1,2,11729
2008,1,3,13691
2008,1,4,13799
2008,1,5,9113
2008,1,6,7610
2008,1,7,12335
2008,1,8,13336
2008,1,9,13022
2008,1,10,13617
2008,1,11,13412
2008,1,12,8712
2008,1,13,7407
2008,1,14,12566
2008,1,15,13344
2008,1,16,13183
2008,1,17,13332
2008,1,18,13473
2008,1,19,8480
2008,1,20,7481
2008,1,21,11883
2008,1,22,13297
2008,1,23,13458
2008,1,24,13485
2008,1,25,13305
2008,1,26,8717
2008,1,27,7643
2008,1,28,12592
2008,1,29,13412
2008,1,30,13233
2008,1,31,13187
2008,2,1,13191
2008,2,2,8646
2008,2,3,7616
2008,2,4,12592
2008,2,5,13447
2008,2,6,13338
2008,2,7,13636
2008,2,8,13582
2008,2,9,8862
2008,2,10,7637
2008,2,11,12578
2008,2,12,13867
2008,2,13,13125
2008,2,14,14207
2008,2,15,13696
2008,2,16,8780
2008,2,17,7646
2008,2,18,12032
2008,2,19,13548
2008,2,20,13418
2008,2,21,13507
2008,2,22,13183
2008,2,23,8973
2008,2,24,7505
2008,2,25,12621
2008,2,26,13500
2008,2,27,13316
2008,2,28,13674
2008,2,29,11631
2008,3,1,8832
2008,3,2,7535
2008,3,3,12621
2008,3,4,13622
2008,3,5,13160
2008,3,6,13279
2008,3,7,13104
2008,3,8,8409
2008,3,9,7216
2008,3,10,12648
2008,3,11,13571
2008,3,12,13353
2008,3,13,13037
2008,3,14,13321
2008,3,15,8806
2008,3,16,7626
2008,3,17,13006
2008,3,18,13766
2008,3,19,13356
2008,3,20,13614
2008,3,21,12606
2008,3,22,8477
2008,3,23,7174
2008,3,24,12352
2008,3,25,13572
2008,3,26,13116
2008,3,27,13224
2008,3,28,12886
2008,3,29,8616
2008,3,30,7368
2008,3,31,12211
2008,4,1,12771
2008,4,2,13491
2008,4,3,13340
2008,4,4,13405
2008,4,5,8600
2008,4,6,7606
2008,4,7,12312
2008,4,8,13526
2008,4,9,13009
2008,4,10,13236
2008,4,11,13053
2008,4,12,8531
2008,4,13,7384
2008,4,14,12386
2008,4,15,13274
2008,4,16,13120
2008,4,17,13164
2008,4,18,13090
2008,4,19,8695
2008,4,20,7504
2008,4,21,12376
2008,4,22,13428
2008,4,23,13284
2008,4,24,13317
2008,4,25,12851
2008,4,26,8304
2008,4,27,7439
2008,4,28,12325
2008,4,29,13313
2008,4,30,13210
2008,5,1,13520
2008,5,2,12872
2008,5,3,8329
2008,5,4,7135
2008,5,5,12480
2008,5,6,13416
2008,5,7,13059
2008,5,8,13387
2008,5,9,12934
2008,5,10,8554
2008,5,11,7293
2008,5,12,12613
2008,5,13,13238
2008,5,14,13405
2008,5,15,13521
2008,5,16,13062
2008,5,17,8246
2008,5,18,7573
2008,5,19,12614
2008,5,20,13912
2008,5,21,13853
2008,5,22,13732
2008,5,23,13342
2008,5,24,8529
2008,5,25,7441
2008,5,26,7948
2008,5,27,13181
2008,5,28,14397
2008,5,29,13783
2008,5,30,13602
2008,5,31,8864
2008,6,1,7651
2008,6,2,12590
2008,6,3,13459
2008,6,4,13597
2008,6,5,13438
2008,6,6,13159
2008,6,7,8708
2008,6,8,7727
2008,6,9,12450
2008,6,10,13789
2008,6,11,13609
2008,6,12,13796
2008,6,13,12394
2008,6,14,8603
2008,6,15,7779
2008,6,16,12732
2008,6,17,13756
2008,6,18,13638
2008,6,19,13452
2008,6,20,13403
2008,6,21,8857
2008,6,22,7651
2008,6,23,12794
2008,6,24,13983
2008,6,25,13728
2008,6,26,13547
2008,6,27,13411
2008,6,28,8991
2008,6,29,7840
2008,6,30,12898
2008,7,1,14350
2008,7,2,14189
2008,7,3,14182
2008,7,4,9449
2008,7,5,8061
2008,7,6,7725
2008,7,7,13340
2008,7,8,14771
2008,7,9,14098
2008,7,10,13952
2008,7,11,13697
2008,7,12,9084
2008,7,13,7885
2008,7,14,12881
2008,7,15,14221
2008,7,16,14016
2008,7,17,13987
2008,7,18,13542
2008,7,19,8978
2008,7,20,7999
2008,7,21,13053
2008,7,22,14241
2008,7,23,13994
2008,7,24,13622
2008,7,25,13417
2008,7,26,8898
2008,7,27,7940
2008,7,28,13054
2008,7,29,14259
2008,7,30,13883
2008,7,31,13939
2008,8,1,13684
2008,8,2,9018
2008,8,3,7911
2008,8,4,13155
2008,8,5,13981
2008,8,6,13800
2008,8,7,13859
2008,8,8,15374
2008,8,9,9233
2008,8,10,7951
2008,8,11,13186
2008,8,12,14336
2008,8,13,13933
2008,8,14,14248
2008,8,15,13890
2008,8,16,9180
2008,8,17,7848
2008,8,18,13404
2008,8,19,14348
2008,8,20,14083
2008,8,21,14010
2008,8,22,13923
2008,8,23,8997
2008,8,24,8008
2008,8,25,13051
2008,8,26,14260
2008,8,27,14213
2008,8,28,14718
2008,8,29,14260
2008,8,30,9182
2008,8,31,8002
2008,9,1,8105
2008,9,2,13488
2008,9,3,14657
2008,9,4,14980
2008,9,5,14475
2008,9,6,9450
2008,9,7,8209
2008,9,8,13437
2008,9,9,14567
2008,9,10,14474
2008,9,11,13391
2008,9,12,14312
2008,9,13,9552
2008,9,14,8405
2008,9,15,13775
2008,9,16,14736
2008,9,17,14316
2008,9,18,14512
2008,9,19,14151
2008,9,20,9227
2008,9,21,8183
2008,9,22,13246
2008,9,23,14464
2008,9,24,14016
2008,9,25,14176
2008,9,26,13705
2008,9,27,9168
2008,9,28,7892
2008,9,29,12819
2008,9,30,13737
2008,10,1,13761
2008,10,2,13742
2008,10,3,13189
2008,10,4,8788
2008,10,5,7609
2008,10,6,12557
2008,10,7,13728
2008,10,8,13499
2008,10,9,13301
2008,10,10,13264
2008,10,11,8624
2008,10,12,7590
2008,10,13,11616
2008,10,14,13396
2008,10,15,13299
2008,10,16,13163
2008,10,17,12957
2008,10,18,8373
2008,10,19,7205
2008,10,20,12384
2008,10,21,13478
2008,10,22,13256
2008,10,23,13239
2008,10,24,12872
2008,10,25,8409
2008,10,26,7318
2008,10,27,12358
2008,10,28,13528
2008,10,29,12954
2008,10,30,12950
2008,10,31,11013
2008,11,1,8395
2008,11,2,7807
2008,11,3,12887
2008,11,4,13244
2008,11,5,13041
2008,11,6,13153
2008,11,7,13203
2008,11,8,8538
2008,11,9,7305
2008,11,10,12333
2008,11,11,13323
2008,11,12,12852
2008,11,13,12541
2008,11,14,12824
2008,11,15,8377
2008,11,16,7225
2008,11,17,12251
2008,11,18,13202
2008,11,19,12874
2008,11,20,13436
2008,11,21,13189
2008,11,22,8449
2008,11,23,7301
2008,11,24,13493
2008,11,25,13929
2008,11,26,12242
2008,11,27,7126
2008,11,28,9247
2008,11,29,7803
2008,11,30,7315
2008,12,1,13029
2008,12,2,14138
2008,12,3,13317
2008,12,4,13250
2008,12,5,12734
2008,12,6,8422
2008,12,7,7282
2008,12,8,12322
2008,12,9,13112
2008,12,10,13113
2008,12,11,12851
2008,12,12,12903
2008,12,13,8436
2008,12,14,7380
2008,12,15,12377
2008,12,16,13900
2008,12,17,13814
2008,12,18,14324
2008,12,19,14007
2008,12,20,8665
2008,12,21,7635
2008,12,22,13831
2008,12,23,13374
2008,12,24,9235
2008,12,25,6471
2008,12,26,10890
2008,12,27,8728
2008,12,28,7677
2008,12,29,13951
2008,12,30,15645
2008,12,31,12906
2009,1,1,8145
2009,1,2,10995
2009,1,3,8338
2009,1,4,7283
2009,1,5,12125
2009,1,6,13222
2009,1,7,13119
2009,1,8,13019
2009,1,9,12647
2009,1,10,8233
2009,1,11,7122
2009,1,12,12178
2009,1,13,12597
2009,1,14,13013
2009,1,15,12800
2009,1,16,12542
2009,1,17,8175
2009,1,18,7151
2009,1,19,11353
2009,1,20,12935
2009,1,21,12822
2009,1,22,13125
2009,1,23,12995
2009,1,24,8357
2009,1,25,7261
2009,1,26,12156
2009,1,27,13107
2009,1,28,12703
2009,1,29,12729
2009,1,30,12527
2009,1,31,8201
2009,2,1,7255
2009,2,2,12525
2009,2,3,13330
2009,2,4,12894
2009,2,5,12817
2009,2,6,12517
2009,2,7,8451
2009,2,8,7462
2009,2,9,12484
2009,2,10,13612
2009,2,11,13219
2009,2,12,13635
2009,2,13,11832
2009,2,14,8550
2009,2,15,7434
2009,2,16,11731
2009,2,17,13151
2009,2,18,13324
2009,2,19,13171
2009,2,20,12995
2009,2,21,8628
2009,2,22,7286
2009,2,23,12363
2009,2,24,13110
2009,2,25,13084
2009,2,26,13134
2009,2,27,12732
2009,2,28,8396
2009,3,1,7342
2009,3,2,12276
2009,3,3,13265
2009,3,4,12903
2009,3,5,13176
2009,3,6,13081
2009,3,7,8556
2009,3,8,7314
2009,3,9,12400
2009,3,10,13568
2009,3,11,12999
2009,3,12,13134
2009,3,13,12087
2009,3,14,8396
2009,3,15,7130
2009,3,16,12264
2009,3,17,13542
2009,3,18,12987
2009,3,19,12706
2009,3,20,12927
2009,3,21,8286
2009,3,22,7168
2009,3,23,12056
2009,3,24,13309
2009,3,25,13027
2009,3,26,12785
2009,3,27,12692
2009,3,28,8381
2009,3,29,7348
2009,3,30,12330
2009,3,31,13136
2009,4,1,12247
2009,4,2,13233
2009,4,3,13078
2009,4,4,8389
2009,4,5,7238
2009,4,6,12200
2009,4,7,13589
2009,4,8,13177
2009,4,9,13278
2009,4,10,12007
2009,4,11,7906
2009,4,12,6864
2009,4,13,11617
2009,4,14,13415
2009,4,15,12804
2009,4,16,13095
2009,4,17,12481
2009,4,18,8364
2009,4,19,7309
2009,4,20,12252
2009,4,21,13273
2009,4,22,12958
2009,4,23,12872
2009,4,24,12231
2009,4,25,8191
2009,4,26,7198
2009,4,27,12199
2009,4,28,13243
2009,4,29,12701
2009,4,30,12413
2009,5,1,12930
2009,5,2,8169
2009,5,3,7220
2009,5,4,12126
2009,5,5,13358
2009,5,6,12686
2009,5,7,13088
2009,5,8,12738
2009,5,9,8180
2009,5,10,7339
2009,5,11,12410
2009,5,12,13415
2009,5,13,12920
2009,5,14,13033
2009,5,15,12874
2009,5,16,8327
2009,5,17,7256
2009,5,18,12467
2009,5,19,13543
2009,5,20,13694
2009,5,21,13569
2009,5,22,13314
2009,5,23,8618
2009,5,24,7481
2009,5,25,8058
2009,5,26,13239
2009,5,27,14350
2009,5,28,14057
2009,5,29,13290
2009,5,30,8602
2009,5,31,7480
2009,6,1,12541
2009,6,2,13408
2009,6,3,13080
2009,6,4,13036
2009,6,5,12648
2009,6,6,8428
2009,6,7,7221
2009,6,8,12472
2009,6,9,13368
2009,6,10,13248
2009,6,11,13079
2009,6,12,12780
2009,6,13,8376
2009,6,14,7380
2009,6,15,12465
2009,6,16,13542
2009,6,17,13440
2009,6,18,13611
2009,6,19,12846
2009,6,20,8603
2009,6,21,7559
2009,6,22,12396
2009,6,23,13700
2009,6,24,13268
2009,6,25,13362
2009,6,26,12981
2009,6,27,8474
2009,6,28,7471
2009,6,29,12776
2009,6,30,14061
2009,7,1,14311
2009,7,2,13931
2009,7,3,10630
2009,7,4,7978
2009,7,5,7333
2009,7,6,12415
2009,7,7,14208
2009,7,8,14252
2009,7,9,13566
2009,7,10,13276
2009,7,11,8769
2009,7,12,7627
2009,7,13,12570
2009,7,14,14086
2009,7,15,13939
2009,7,16,14012
2009,7,17,13258
2009,7,18,8626
2009,7,19,7536
2009,7,20,12612
2009,7,21,13974
2009,7,22,13657
2009,7,23,13880
2009,7,24,13132
2009,7,25,8887
2009,7,26,7716
2009,7,27,12684
2009,7,28,14163
2009,7,29,13619
2009,7,30,13537
2009,7,31,13307
2009,8,1,8684
2009,8,2,7492
2009,8,3,12642
2009,8,4,13937
2009,8,5,13510
2009,8,6,13377
2009,8,7,13122
2009,8,8,8830
2009,8,9,7683
2009,8,10,12759
2009,8,11,14021
2009,8,12,13764
2009,8,13,13391
2009,8,14,13398
2009,8,15,8566
2009,8,16,7750
2009,8,17,13104
2009,8,18,14226
2009,8,19,13634
2009,8,20,13994
2009,8,21,13291
2009,8,22,8952
2009,8,23,7650
2009,8,24,12664
2009,8,25,13928
2009,8,26,13770
2009,8,27,13861
2009,8,28,13530
2009,8,29,8805
2009,8,30,7702
2009,8,31,12758
2009,9,1,14107
2009,9,2,13659
2009,9,3,13900
2009,9,4,13622
2009,9,5,8959
2009,9,6,7587
2009,9,7,7947
2009,9,8,13555
2009,9,9,16081
2009,9,10,14887
2009,9,11,13032
2009,9,12,9264
2009,9,13,7871
2009,9,14,13393
2009,9,15,14558
2009,9,16,14130
2009,9,17,14095
2009,9,18,13951
2009,9,19,9032
2009,9,20,8014
2009,9,21,13415
2009,9,22,14318
2009,9,23,13973
2009,9,24,14048
2009,9,25,13449
2009,9,26,9013
2009,9,27,7817
2009,9,28,12723
2009,9,29,13829
2009,9,30,13465
2009,10,1,13628
2009,10,2,13264
2009,10,3,8548
2009,10,4,7443
2009,10,5,12559
2009,10,6,13674
2009,10,7,13078
2009,10,8,13174
2009,10,9,12706
2009,10,10,8577
2009,10,11,7268
2009,10,12,12105
2009,10,13,12941
2009,10,14,12882
2009,10,15,13115
2009,10,16,12605
2009,10,17,8155
2009,10,18,7356
2009,10,19,12056
2009,10,20,13142
2009,10,21,12924
2009,10,22,12935
2009,10,23,12621
2009,10,24,8353
2009,10,25,7120
2009,10,26,12238
2009,10,27,13230
2009,10,28,13043
2009,10,29,12683
2009,10,30,11978
2009,10,31,7658
2009,11,1,7519
2009,11,2,12212
2009,11,3,13205
2009,11,4,12743
2009,11,5,12805
2009,11,6,12314
2009,11,7,8044
2009,11,8,7260
2009,11,9,11874
2009,11,10,13287
2009,11,11,12889
2009,11,12,12751
2009,11,13,11739
2009,11,14,8281
2009,11,15,7232
2009,11,16,11940
2009,11,17,12950
2009,11,18,12866
2009,11,19,12822
2009,11,20,13002
2009,11,21,8335
2009,11,22,7230
2009,11,23,13125
2009,11,24,13907
2009,11,25,11986
2009,11,26,6864
2009,11,27,8750
2009,11,28,7604
2009,11,29,7169
2009,11,30,12542
2009,12,1,13900
2009,12,2,13267
2009,12,3,12952
2009,12,4,12131
2009,12,5,7855
2009,12,6,7103
2009,12,7,11732
2009,12,8,12823
2009,12,9,12497
2009,12,10,12299
2009,12,11,11834
2009,12,12,8082
2009,12,13,7027
2009,12,14,12254
2009,12,15,13347
2009,12,16,12961
2009,12,17,13425
2009,12,18,13478
2009,12,19,8436
2009,12,20,7225
2009,12,21,13512
2009,12,22,14102
2009,12,23,11819
2009,12,24,8441
2009,12,25,6160
2009,12,26,7172
2009,12,27,7480
2009,12,28,13354
2009,12,29,14600
2009,12,30,13829
2009,12,31,11667
2010,1,1,7871
2010,1,2,6990
2010,1,3,6988
2010,1,4,11844
2010,1,5,12995
2010,1,6,12520
2010,1,7,12541
2010,1,8,12183
2010,1,9,7809
2010,1,10,6963
2010,1,11,11892
2010,1,12,12921
2010,1,13,12307
2010,1,14,12543
2010,1,15,12278
2010,1,16,8032
2010,1,17,7131
2010,1,18,11220
2010,1,19,12510
2010,1,20,12514
2010,1,21,12762
2010,1,22,12364
2010,1,23,7996
2010,1,24,7014
2010,1,25,11623
2010,1,26,12821
2010,1,27,12441
2010,1,28,12342
2010,1,29,11838
2010,1,30,8035
2010,1,31,6832
2010,2,1,11445
2010,2,2,12831
2010,2,3,12453
2010,2,4,12369
2010,2,5,12362
2010,2,6,7948
2010,2,7,6893
2010,2,8,11912
2010,2,9,12747
2010,2,10,12535
2010,2,11,12389
2010,2,12,12281
2010,2,13,7947
2010,2,14,7167
2010,2,15,11156
2010,2,16,12363
2010,2,17,12734
2010,2,18,12764
2010,2,19,12401
2010,2,20,8201
2010,2,21,7211
2010,2,22,11996
2010,2,23,12628
2010,2,24,12438
2010,2,25,12449
2010,2,26,12046
2010,2,27,7832
2010,2,28,6895
2010,3,1,11984
2010,3,2,12868
2010,3,3,12525
2010,3,4,12549
2010,3,5,12272
2010,3,6,7832
2010,3,7,6887
2010,3,8,11514
2010,3,9,12839
2010,3,10,12740
2010,3,11,12481
2010,3,12,12347
2010,3,13,7893
2010,3,14,6808
2010,3,15,11548
2010,3,16,12700
2010,3,17,12781
2010,3,18,12054
2010,3,19,12119
2010,3,20,8005
2010,3,21,6992
2010,3,22,11657
2010,3,23,12752
2010,3,24,12473
2010,3,25,12591
2010,3,26,12088
2010,3,27,7995
2010,3,28,6922
2010,3,29,11745
2010,3,30,12868
2010,3,31,12619
2010,4,1,11994
2010,4,2,11666
2010,4,3,7854
2010,4,4,6721
2010,4,5,11571
2010,4,6,12888
2010,4,7,12228
2010,4,8,12312
2010,4,9,11988
2010,4,10,7844
2010,4,11,6907
2010,4,12,11964
2010,4,13,12549
2010,4,14,12708
2010,4,15,12614
2010,4,16,12136
2010,4,17,7878
2010,4,18,6978
2010,4,19,11845
2010,4,20,13010
2010,4,21,12594
2010,4,22,12485
2010,4,23,12095
2010,4,24,7964
2010,4,25,6965
2010,4,26,12034
2010,4,27,12619
2010,4,28,12500
2010,4,29,12374
2010,4,30,11852
2010,5,1,7911
2010,5,2,6922
2010,5,3,11995
2010,5,4,12770
2010,5,5,12801
2010,5,6,12410
2010,5,7,11914
2010,5,8,7877
2010,5,9,6823
2010,5,10,12286
2010,5,11,12845
2010,5,12,12637
2010,5,13,12246
2010,5,14,12337
2010,5,15,7963
2010,5,16,7022
2010,5,17,11953
2010,5,18,12854
2010,5,19,12411
2010,5,20,12559
2010,5,21,12302
2010,5,22,8093
2010,5,23,7094
2010,5,24,11893
2010,5,25,13421
2010,5,26,12972
2010,5,27,13115
2010,5,28,12519
2010,5,29,8159
2010,5,30,7111
2010,5,31,7436
2010,6,1,12591
2010,6,2,13812
2010,6,3,13150
2010,6,4,12640
2010,6,5,8260
2010,6,6,7374
2010,6,7,11924
2010,6,8,12874
2010,6,9,12419
2010,6,10,12824
2010,6,11,11965
2010,6,12,8011
2010,6,13,6963
2010,6,14,11929
2010,6,15,12805
2010,6,16,12654
2010,6,17,12836
2010,6,18,12331
2010,6,19,8085
2010,6,20,7164
2010,6,21,11922
2010,6,22,12838
2010,6,23,12878
2010,6,24,12671
2010,6,25,12552
2010,6,26,8294
2010,6,27,7234
2010,6,28,12157
2010,6,29,13042
2010,6,30,12767
2010,7,1,13181
2010,7,2,12486
2010,7,3,7932
2010,7,4,7279
2010,7,5,8444
2010,7,6,12772
2010,7,7,13940
2010,7,8,13421
2010,7,9,12843
2010,7,10,8485
2010,7,11,7382
2010,7,12,12408
2010,7,13,12697
2010,7,14,13031
2010,7,15,13118
2010,7,16,12888
2010,7,17,8370
2010,7,18,7352
2010,7,19,11865
2010,7,20,13291
2010,7,21,13158
2010,7,22,12939
2010,7,23,12542
2010,7,24,8396
2010,7,25,7392
2010,7,26,12262
2010,7,27,13264
2010,7,28,12877
2010,7,29,12952
2010,7,30,12320
2010,7,31,8361
2010,8,1,7370
2010,8,2,12092
2010,8,3,13136
2010,8,4,12911
2010,8,5,12929
2010,8,6,12556
2010,8,7,8516
2010,8,8,7361
2010,8,9,12923
2010,8,10,13514
2010,8,11,13084
2010,8,12,13365
2010,8,13,12092
2010,8,14,8445
2010,8,15,7352
2010,8,16,12409
2010,8,17,13286
2010,8,18,13102
2010,8,19,12964
2010,8,20,12910
2010,8,21,8404
2010,8,22,7461
2010,8,23,12195
2010,8,24,13226
2010,8,25,13328
2010,8,26,13008
2010,8,27,12966
2010,8,28,8553
2010,8,29,7496
2010,8,30,12246
2010,8,31,13527
2010,9,1,13409
2010,9,2,13420
2010,9,3,13047
2010,9,4,8414
2010,9,5,7586
2010,9,6,7815
2010,9,7,13033
2010,9,8,14239
2010,9,9,14135
2010,9,10,13641
2010,9,11,8775
2010,9,12,7749
2010,9,13,12559
2010,9,14,13949
2010,9,15,13893
2010,9,16,13964
2010,9,17,13605
2010,9,18,8979
2010,9,19,7899
2010,9,20,12992
2010,9,21,13919
2010,9,22,13640
2010,9,23,13717
2010,9,24,13280
2010,9,25,8780
2010,9,26,7543
2010,9,27,12652
2010,9,28,13208
2010,9,29,13080
2010,9,30,12965
2010,10,1,13141
2010,10,2,8412
2010,10,3,7380
2010,10,4,12326
2010,10,5,13146
2010,10,6,12691
2010,10,7,12889
2010,10,8,12536
2010,10,9,8194
2010,10,10,8490
2010,10,11,12134
2010,10,12,12913
2010,10,13,12358
2010,10,14,12668
2010,10,15,12507
2010,10,16,8081
2010,10,17,7181
2010,10,18,11888
2010,10,19,12693
2010,10,20,12838
2010,10,21,12747
2010,10,22,12235
2010,10,23,8033
2010,10,24,7242
2010,10,25,12190
2010,10,26,13176
2010,10,27,12700
2010,10,28,12408
2010,10,29,11679
2010,10,30,7996
2010,10,31,6895
2010,11,1,12044
2010,11,2,13035
2010,11,3,12608
2010,11,4,12821
2010,11,5,12495
2010,11,6,8126
2010,11,7,7251
2010,11,8,12023
2010,11,9,12889
2010,11,10,12671
2010,11,11,12773
2010,11,12,12090
2010,11,13,8115
2010,11,14,7120
2010,11,15,12163
2010,11,16,13205
2010,11,17,12710
2010,11,18,13025
2010,11,19,12634
2010,11,20,8511
2010,11,21,7285
2010,11,22,13195
2010,11,23,13762
2010,11,24,11964
2010,11,25,7162
2010,11,26,8689
2010,11,27,7526
2010,11,28,7217
2010,11,29,12430
2010,11,30,13445
2010,12,1,13107
2010,12,2,12982
2010,12,3,12288
2010,12,4,7881
2010,12,5,7122
2010,12,6,11749
2010,12,7,12833
2010,12,8,12462
2010,12,9,12364
2010,12,10,12351
2010,12,11,8142
2010,12,12,7134
2010,12,13,11721
2010,12,14,12981
2010,12,15,12962
2010,12,16,12975
2010,12,17,12829
2010,12,18,8470
2010,12,19,7257
2010,12,20,13280
2010,12,21,14255
2010,12,22,13029
2010,12,23,11237
2010,12,24,7532
2010,12,25,6159
2010,12,26,6796
2010,12,27,12231
2010,12,28,13654
2010,12,29,13441
2010,12,30,13272
2010,12,31,9751
2011,1,1,7254
2011,1,2,6540
2011,1,3,11143
2011,1,4,12599
2011,1,5,11933
2011,1,6,12143
2011,1,7,12044
2011,1,8,7840
2011,1,9,6933
2011,1,10,11093
2011,1,11,13222
2011,1,12,11950
2011,1,13,11813
2011,1,14,12114
2011,1,15,7810
2011,1,16,7046
2011,1,17,10969
2011,1,18,12298
2011,1,19,12271
2011,1,20,12382
2011,1,21,12035
2011,1,22,7895
2011,1,23,7005
2011,1,24,11616
2011,1,25,12692
2011,1,26,12174
2011,1,27,12026
2011,1,28,11814
2011,1,29,7808
2011,1,30,6888
2011,1,31,11495
2011,2,1,12498
2011,2,2,11954
2011,2,3,11917
2011,2,4,11962
2011,2,5,8070
2011,2,6,7109
2011,2,7,11873
2011,2,8,12764
2011,2,9,11880
2011,2,10,12078
2011,2,11,12029
2011,2,12,8086
2011,2,13,6853
2011,2,14,12111
2011,2,15,12863
2011,2,16,12396
2011,2,17,12399
2011,2,18,12328
2011,2,19,7969
2011,2,20,7056
2011,2,21,10757
2011,2,22,12601
2011,2,23,12232
2011,2,24,12129
2011,2,25,11945
2011,2,26,7919
2011,2,27,6989
2011,2,28,11160
2011,3,1,12530
2011,3,2,12149
2011,3,3,12172
2011,3,4,11842
2011,3,5,7825
2011,3,6,6950
2011,3,7,11490
2011,3,8,12254
2011,3,9,12119
2011,3,10,11921
2011,3,11,11989
2011,3,12,7897
2011,3,13,6557
2011,3,14,11275
2011,3,15,12191
2011,3,16,11880
2011,3,17,12192
2011,3,18,11682
2011,3,19,7786
2011,3,20,7024
2011,3,21,11794
2011,3,22,12462
2011,3,23,12050
2011,3,24,12062
2011,3,25,11854
2011,3,26,7658
2011,3,27,6871
2011,3,28,11489
2011,3,29,12279
2011,3,30,12022
2011,3,31,12173
2011,4,1,11264
2011,4,2,8102
2011,4,3,7028
2011,4,4,11772
2011,4,5,12387
2011,4,6,11858
2011,4,7,12330
2011,4,8,11904
2011,4,9,7840
2011,4,10,6861
2011,4,11,11711
2011,4,12,12320
2011,4,13,11671
2011,4,14,12349
2011,4,15,11964
2011,4,16,7683
2011,4,17,6939
2011,4,18,11681
2011,4,19,12564
2011,4,20,12216
2011,4,21,12276
2011,4,22,11113
2011,4,23,7524
2011,4,24,6570
2011,4,25,11427
2011,4,26,12563
2011,4,27,12007
2011,4,28,12180
2011,4,29,11456
2011,4,30,7665
2011,5,1,6926
2011,5,2,11595
2011,5,3,12299
2011,5,4,11984
2011,5,5,12055
2011,5,6,11824
2011,5,7,7919
2011,5,8,6972
2011,5,9,11511
2011,5,10,12578
2011,5,11,12464
2011,5,12,12203
2011,5,13,11125
2011,5,14,7854
2011,5,15,7061
2011,5,16,11899
2011,5,17,12819
2011,5,18,12387
2011,5,19,12222
2011,5,20,12011
2011,5,21,7934
2011,5,22,7257
2011,5,23,11896
2011,5,24,12851
2011,5,25,12715
2011,5,26,12822
2011,5,27,12379
2011,5,28,8276
2011,5,29,7145
2011,5,30,7492
2011,5,31,12192
2011,6,1,13446
2011,6,2,13258
2011,6,3,12680
2011,6,4,8398
2011,6,5,7261
2011,6,6,11934
2011,6,7,12629
2011,6,8,12660
2011,6,9,12471
2011,6,10,12279
2011,6,11,8091
2011,6,12,7314
2011,6,13,11744
2011,6,14,12841
2011,6,15,12681
2011,6,16,12990
2011,6,17,12463
2011,6,18,8498
2011,6,19,7344
2011,6,20,12045
2011,6,21,13143
2011,6,22,13017
2011,6,23,12681
2011,6,24,12504
2011,6,25,8351
2011,6,26,7140
2011,6,27,12344
2011,6,28,13234
2011,6,29,13002
2011,6,30,13194
2011,7,1,13392
2011,7,2,8510
2011,7,3,7489
2011,7,4,7541
2011,7,5,12751
2011,7,6,13950
2011,7,7,14200
2011,7,8,13363
2011,7,9,8845
2011,7,10,7635
2011,7,11,12617
2011,7,12,13392
2011,7,13,12900
2011,7,14,13278
2011,7,15,13097
2011,7,16,8534
2011,7,17,7637
2011,7,18,12414
2011,7,19,13156
2011,7,20,13219
2011,7,21,13262
2011,7,22,12777
2011,7,23,8671
2011,7,24,7351
2011,7,25,12126
2011,7,26,13270
2011,7,27,13023
2011,7,28,13152
2011,7,29,12501
2011,7,30,8338
2011,7,31,7450
2011,8,1,12546
2011,8,2,13491
2011,8,3,13164
2011,8,4,13031
2011,8,5,12848
2011,8,6,8567
2011,8,7,7605
2011,8,8,12505
2011,8,9,13360
2011,8,10,13160
2011,8,11,13092
2011,8,12,12978
2011,8,13,8448
2011,8,14,7470
2011,8,15,12756
2011,8,16,13576
2011,8,17,13267
2011,8,18,13150
2011,8,19,12900
2011,8,20,8572
2011,8,21,7493
2011,8,22,12286
2011,8,23,13422
2011,8,24,12986
2011,8,25,13046
2011,8,26,12910
2011,8,27,8700
2011,8,28,7633
2011,8,29,12281
2011,8,30,13561
2011,8,31,13390
2011,9,1,13723
2011,9,2,13224
2011,9,3,8588
2011,9,4,7399
2011,9,5,7770
2011,9,6,12892
2011,9,7,14234
2011,9,8,13544
2011,9,9,13537
2011,9,10,9115
2011,9,11,7501
2011,9,12,12770
2011,9,13,13205
2011,9,14,13590
2011,9,15,13583
2011,9,16,13322
2011,9,17,8792
2011,9,18,7724
2011,9,19,12818
2011,9,20,13648
2011,9,21,13138
2011,9,22,13157
2011,9,23,13062
2011,9,24,8496
2011,9,25,7609
2011,9,26,12719
2011,9,27,13455
2011,9,28,12815
2011,9,29,12813
2011,9,30,12419
2011,10,1,8506
2011,10,2,7419
2011,10,3,12310
2011,10,4,12924
2011,10,5,12748
2011,10,6,12744
2011,10,7,12195
2011,10,8,8206
2011,10,9,7160
2011,10,10,11839
2011,10,11,12865
2011,10,12,12581
2011,10,13,12201
2011,10,14,12065
2011,10,15,8043
2011,10,16,7145
2011,10,17,11803
2011,10,18,12819
2011,10,19,12605
2011,10,20,12536
2011,10,21,11936
2011,10,22,7899
2011,10,23,7104
2011,10,24,11773
2011,10,25,12672
2011,10,26,12085
2011,10,27,12390
2011,10,28,12049
2011,10,29,7812
2011,10,30,6870
2011,10,31,9828
2011,11,1,13632
2011,11,2,12657
2011,11,3,12310
2011,11,4,11965
2011,11,5,8045
2011,11,6,7236
2011,11,7,11574
2011,11,8,12300
2011,11,9,11990
2011,11,10,11978
2011,11,11,14392
2011,11,12,8087
2011,11,13,6877
2011,11,14,11590
2011,11,15,12676
2011,11,16,12433
2011,11,17,12461
2011,11,18,12424
2011,11,19,8042
2011,11,20,7218
2011,11,21,12929
2011,11,22,13415
2011,11,23,11775
2011,11,24,6894
2011,11,25,8618
2011,11,26,7512
2011,11,27,6879
2011,11,28,12410
2011,11,29,13204
2011,11,30,12584
2011,12,1,12716
2011,12,2,11853
2011,12,3,7895
2011,12,4,6957
2011,12,5,11622
2011,12,6,12477
2011,12,7,12119
2011,12,8,12024
2011,12,9,11565
2011,12,10,7658
2011,12,11,6832
2011,12,12,12087
2011,12,13,12592
2011,12,14,12632
2011,12,15,12506
2011,12,16,12211
2011,12,17,7941
2011,12,18,6876
2011,12,19,12708
2011,12,20,13640
2011,12,21,13227
2011,12,22,12215
2011,12,23,10017
2011,12,24,6688
2011,12,25,5728
2011,12,26,8039
2011,12,27,12475
2011,12,28,13478
2011,12,29,12985
2011,12,30,12434
2011,12,31,8035
2012,1,1,6629
2012,1,2,7821
2012,1,3,11324
2012,1,4,12075
2012,1,5,12171
2012,1,6,11920
2012,1,7,7783
2012,1,8,6887
2012,1,9,11248
2012,1,10,11939
2012,1,11,11860
2012,1,12,12391
2012,1,13,11380
2012,1,14,7901
2012,1,15,6899
2012,1,16,10707
2012,1,17,12175
2012,1,18,11981
2012,1,19,11997
2012,1,20,11914
2012,1,21,7948
2012,1,22,6816
2012,1,23,11464
2012,1,24,12356
2012,1,25,11692
2012,1,26,12003
2012,1,27,11648
2012,1,28,7827
2012,1,29,6733
2012,1,30,11253
2012,1,31,11919
2012,2,1,11916
2012,2,2,12135
2012,2,3,11826
2012,2,4,7833
2012,2,5,6733
2012,2,6,11229
2012,2,7,12310
2012,2,8,11946
2012,2,9,11862
2012,2,10,11981
2012,2,11,7895
2012,2,12,7012
2012,2,13,11023
2012,2,14,12708
2012,2,15,12250
2012,2,16,12376
2012,2,17,11985
2012,2,18,7818
2012,2,19,6905
2012,2,20,10837
2012,2,21,12125
2012,2,22,12436
2012,2,23,12045
2012,2,24,11802
2012,2,25,7842
2012,2,26,6707
2012,2,27,11475
2012,2,28,12208
2012,2,29,11042
2012,3,1,12519
2012,3,2,11789
2012,3,3,8010
2012,3,4,7021
2012,3,5,11391
2012,3,6,12076
2012,3,7,11972
2012,3,8,11985
2012,3,9,11817
2012,3,10,7691
2012,3,11,6497
2012,3,12,11571
2012,3,13,11779
2012,3,14,11797
2012,3,15,11783
2012,3,16,11608
2012,3,17,8066
2012,3,18,6918
2012,3,19,11578
2012,3,20,12338
2012,3,21,12056
2012,3,22,11925
2012,3,23,11816
2012,3,24,7893
2012,3,25,6915
2012,3,26,11474
2012,3,27,12245
2012,3,28,12035
2012,3,29,11864
2012,3,30,11834
2012,3,31,7860
2012,4,1,6909
2012,4,2,11647
2012,4,3,12273
2012,4,4,12307
2012,4,5,11986
2012,4,6,10955
2012,4,7,7384
2012,4,8,6545
2012,4,9,11237
2012,4,10,12179
2012,4,11,11635
2012,4,12,12050
2012,4,13,10910
2012,4,14,7699
2012,4,15,6951
2012,4,16,11536
2012,4,17,12240
2012,4,18,11850
2012,4,19,11583
2012,4,20,11608
2012,4,21,7757
2012,4,22,6843
2012,4,23,11297
2012,4,24,12191
2012,4,25,11765
2012,4,26,11871
2012,4,27,11226
2012,4,28,7590
2012,4,29,6713
2012,4,30,11381
2012,5,1,12470
2012,5,2,12095
2012,5,3,11804
2012,5,4,11488
2012,5,5,7634
2012,5,6,6868
2012,5,7,11424
2012,5,8,12158
2012,5,9,11749
2012,5,10,11825
2012,5,11,11683
2012,5,12,7751
2012,5,13,6909
2012,5,14,11763
2012,5,15,12565
2012,5,16,12199
2012,5,17,12048
2012,5,18,11771
2012,5,19,7914
2012,5,20,7202
2012,5,21,11919
2012,5,22,12601
2012,5,23,12649
2012,5,24,12414
2012,5,25,12350
2012,5,26,7921
2012,5,27,7015
2012,5,28,7532
2012,5,29,12307
2012,5,30,13194
2012,5,31,12686
2012,6,1,12623
2012,6,2,8040
2012,6,3,7075
2012,6,4,12011
2012,6,5,12424
2012,6,6,12410
2012,6,7,12305
2012,6,8,12145
2012,6,9,8293
2012,6,10,7131
2012,6,11,11700
2012,6,12,12892
2012,6,13,11999
2012,6,14,12626
2012,6,15,12278
2012,6,16,8213
2012,6,17,7316
2012,6,18,12028
2012,6,19,12767
2012,6,20,12674
2012,6,21,12713
2012,6,22,12370
2012,6,23,8141
2012,6,24,7246
2012,6,25,12091
2012,6,26,12950
2012,6,27,12545
2012,6,28,12994
2012,6,29,12462
2012,6,30,8323
2012,7,1,7550
2012,7,2,12837
2012,7,3,13752
2012,7,4,9296
2012,7,5,12618
2012,7,6,12804
2012,7,7,8952
2012,7,8,7541
2012,7,9,12333
2012,7,10,13527
2012,7,11,13024
2012,7,12,12787
2012,7,13,12109
2012,7,14,8657
2012,7,15,7559
2012,7,16,12380
2012,7,17,13318
2012,7,18,12865
2012,7,19,12798
2012,7,20,12503
2012,7,21,8611
2012,7,22,7531
2012,7,23,12553
2012,7,24,13390
2012,7,25,13045
2012,7,26,13056
2012,7,27,12785
2012,7,28,8493
2012,7,29,7550
2012,7,30,12061
2012,7,31,13187
2012,8,1,12976
2012,8,2,13006
2012,8,3,12743
2012,8,4,8786
2012,8,5,7693
2012,8,6,12671
2012,8,7,13316
2012,8,8,13204
2012,8,9,13179
2012,8,10,12898
2012,8,11,8602
2012,8,12,7630
2012,8,13,12126
2012,8,14,13788
2012,8,15,13391
2012,8,16,13361
2012,8,17,12913
2012,8,18,8678
2012,8,19,7678
2012,8,20,12580
2012,8,21,13239
2012,8,22,12973
2012,8,23,12889
2012,8,24,13114
2012,8,25,8653
2012,8,26,7629
2012,8,27,12533
2012,8,28,13674
2012,8,29,12968
2012,8,30,13323
2012,8,31,13287
2012,9,1,8967
2012,9,2,7817
2012,9,3,8030
2012,9,4,12941
2012,9,5,13991
2012,9,6,13709
2012,9,7,13841
2012,9,8,8987
2012,9,9,7930
2012,9,10,12853
2012,9,11,12543
2012,9,12,13653
2012,9,13,13396
2012,9,14,13529
2012,9,15,9094
2012,9,16,7867
2012,9,17,12960
2012,9,18,13628
2012,9,19,13490
2012,9,20,13524
2012,9,21,13174
2012,9,22,8899
2012,9,23,8007
2012,9,24,12748
2012,9,25,13533
2012,9,26,13100
2012,9,27,13159
2012,9,28,12661
2012,9,29,8695
2012,9,30,7607
2012,10,1,12537
2012,10,2,13293
2012,10,3,12900
2012,10,4,12785
2012,10,5,12521
2012,10,6,8333
2012,10,7,7367
2012,10,8,11711
2012,10,9,12692
2012,10,10,12597
2012,10,11,13705
2012,10,12,12349
2012,10,13,8153
2012,10,14,7408
2012,10,15,12347
2012,10,16,12888
2012,10,17,12752
2012,10,18,12604
2012,10,19,12367
2012,10,20,8365
2012,10,21,7279
2012,10,22,12260
2012,10,23,12923
2012,10,24,12610
2012,10,25,12769
2012,10,26,11989
2012,10,27,8127
2012,10,28,7362
2012,10,29,11957
2012,10,30,12011
2012,10,31,11012
2012,11,1,13042
2012,11,2,12692
2012,11,3,8224
2012,11,4,7436
2012,11,5,11885
2012,11,6,12690
2012,11,7,12536
2012,11,8,12386
2012,11,9,12374
2012,11,10,8172
2012,11,11,7219
2012,11,12,12036
2012,11,13,12364
2012,11,14,12728
2012,11,15,12812
2012,11,16,12555
2012,11,17,8503
2012,11,18,7390
2012,11,19,12916
2012,11,20,13427
2012,11,21,12083
2012,11,22,7267
2012,11,23,9171
2012,11,24,7651
2012,11,25,7191
2012,11,26,12403
2012,11,27,13296
2012,11,28,12614
2012,11,29,12503
2012,11,30,11740
2012,12,1,8248
2012,12,2,7204
2012,12,3,11833
2012,12,4,12566
2012,12,5,12313
2012,12,6,12084
2012,12,7,11733
2012,12,8,7995
2012,12,9,7003
2012,12,10,11529
2012,12,11,12234
2012,12,12,14667
2012,12,13,11893
2012,12,14,11872
2012,12,15,7913
2012,12,16,7146
2012,12,17,11979
2012,12,18,13305
2012,12,19,12849
2012,12,20,13109
2012,12,21,13186
2012,12,22,8396
2012,12,23,6845
2012,12,24,7614
2012,12,25,6325
2012,12,26,11362
2012,12,27,14126
2012,12,28,13888
2012,12,29,9030
2012,12,30,7545
2012,12,31,10634
2013,1,1,7537
2013,1,2,10887
2013,1,3,12616
2013,1,4,12431
2013,1,5,8332
2013,1,6,7271
2013,1,7,11463
2013,1,8,12040
2013,1,9,11598
2013,1,10,11887
2013,1,11,12082
2013,1,12,8140
2013,1,13,7092
2013,1,14,11401
2013,1,15,11953
2013,1,16,11678
2013,1,17,12113
2013,1,18,11846
2013,1,19,7708
2013,1,20,7001
2013,1,21,10777
2013,1,22,11835
2013,1,23,11917
2013,1,24,12016
2013,1,25,11638
2013,1,26,8047
2013,1,27,6916
2013,1,28,11520
2013,1,29,12168
2013,1,30,11752
2013,1,31,11690
2013,2,1,11995
2013,2,2,7881
2013,2,3,6876
2013,2,4,11237
2013,2,5,12114
2013,2,6,11617
2013,2,7,12025
2013,2,8,11959
2013,2,9,7776
2013,2,10,6735
2013,2,11,11460
2013,2,12,12243
2013,2,13,11648
2013,2,14,12422
2013,2,15,11914
2013,2,16,7902
2013,2,17,7044
2013,2,18,10863
2013,2,19,12137
2013,2,20,11941
2013,2,21,11899
2013,2,22,11778
2013,2,23,7866
2013,2,24,6914
2013,2,25,11358
2013,2,26,11982
2013,2,27,11695
2013,2,28,11601
2013,3,1,12075
2013,3,2,7836
2013,3,3,7098
2013,3,4,11667
2013,3,5,12172
2013,3,6,11800
2013,3,7,11918
2013,3,8,11787
2013,3,9,7946
2013,3,10,6610
2013,3,11,11591
2013,3,12,12102
2013,3,13,11937
2013,3,14,11831
2013,3,15,11811
2013,3,16,7906
2013,3,17,7134
2013,3,18,11825
2013,3,19,12070
2013,3,20,12024
2013,3,21,12096
2013,3,22,11949
2013,3,23,7876
2013,3,24,6956
2013,3,25,11619
2013,3,26,12199
2013,3,27,12204
2013,3,28,12006
2013,3,29,10986
2013,3,30,7863
2013,3,31,6735
2013,4,1,10440
2013,4,2,12389
2013,4,3,12081
2013,4,4,12019
2013,4,5,11858
2013,4,6,7789
2013,4,7,6796
2013,4,8,11423
2013,4,9,12074
2013,4,10,11759
2013,4,11,11765
2013,4,12,11494
2013,4,13,7643
2013,4,14,6898
2013,4,15,11318
2013,4,16,12168
2013,4,17,11765
2013,4,18,11665
2013,4,19,11511
2013,4,20,7718
2013,4,21,6722
2013,4,22,11410
2013,4,23,11956
2013,4,24,11537
2013,4,25,11620
2013,4,26,11442
2013,4,27,7651
2013,4,28,6852
2013,4,29,11259
2013,4,30,11825
2013,5,1,11948
2013,5,2,11787
2013,5,3,11805
2013,5,4,7714
2013,5,5,6609
2013,5,6,11316
2013,5,7,12275
2013,5,8,11867
2013,5,9,11628
2013,5,10,11813
2013,5,11,7727
2013,5,12,7060
2013,5,13,11289
2013,5,14,12345
2013,5,15,12184
2013,5,16,12145
2013,5,17,11945
2013,5,18,7764
2013,5,19,7049
2013,5,20,11968
2013,5,21,12685
2013,5,22,12366
2013,5,23,12523
2013,5,24,12265
2013,5,25,8156
2013,5,26,6880
2013,5,27,7351
2013,5,28,12462
2013,5,29,13062
2013,5,30,12798
2013,5,31,12082
2013,6,1,8320
2013,6,2,7015
2013,6,3,11718
2013,6,4,12315
2013,6,5,12343
2013,6,6,11935
2013,6,7,12203
2013,6,8,8184
2013,6,9,7306
2013,6,10,11852
2013,6,11,12304
2013,6,12,11924
2013,6,13,12096
2013,6,14,12046
2013,6,15,8235
2013,6,16,7267
2013,6,17,12166
2013,6,18,12754
2013,6,19,12217
2013,6,20,12417
2013,6,21,12175
2013,6,22,8301
2013,6,23,7435
2013,6,24,12033
2013,6,25,12819
2013,6,26,12526
2013,6,27,12733
2013,6,28,12585
2013,6,29,8325
2013,6,30,7319
2013,7,1,12558
2013,7,2,13437
2013,7,3,13247
2013,7,4,8883
2013,7,5,11318
2013,7,6,8420
2013,7,7,7454
2013,7,8,12493
2013,7,9,13408
2013,7,10,12915
2013,7,11,12806
2013,7,12,12535
2013,7,13,8485
2013,7,14,7536
2013,7,15,12506
2013,7,16,13083
2013,7,17,12912
2013,7,18,12824
2013,7,19,12528
2013,7,20,8389
2013,7,21,7564
2013,7,22,12544
2013,7,23,13316
2013,7,24,12804
2013,7,25,12860
2013,7,26,12249
2013,7,27,8328
2013,7,28,7492
2013,7,29,12096
2013,7,30,12880
2013,7,31,12625
2013,8,1,12971
2013,8,2,12561
2013,8,3,8539
2013,8,4,7600
2013,8,5,12434
2013,8,6,13055
2013,8,7,13109
2013,8,8,13207
2013,8,9,12756
2013,8,10,8777
2013,8,11,7797
2013,8,12,12391
2013,8,13,12975
2013,8,14,13049
2013,8,15,13101
2013,8,16,12702
2013,8,17,8747
2013,8,18,7612
2013,8,19,12426
2013,8,20,13051
2013,8,21,12903
2013,8,22,12873
2013,8,23,12805
2013,8,24,8801
2013,8,25,7638
2013,8,26,12293
2013,8,27,13131
2013,8,28,13129
2013,8,29,12873
2013,8,30,12814
2013,8,31,8759
2013,9,1,7620
2013,9,2,7896
2013,9,3,12910
2013,9,4,13680
2013,9,5,13337
2013,9,6,12876
2013,9,7,8800
2013,9,8,7737
2013,9,9,12653
2013,9,10,13440
2013,9,11,12074
2013,9,12,13460
2013,9,13,12669
2013,9,14,8795
2013,9,15,7865
2013,9,16,12842
2013,9,17,13542
2013,9,18,13242
2013,9,19,13333
2013,9,20,13040
2013,9,21,8863
2013,9,22,7817
2013,9,23,12715
2013,9,24,13173
2013,9,25,13042
2013,9,26,13044
2013,9,27,12774
2013,9,28,8704
2013,9,29,7618
2013,9,30,12115
2013,10,1,13195
2013,10,2,12614
2013,10,3,12880
2013,10,4,12493
2013,10,5,8593
2013,10,6,7471
2013,10,7,11877
2013,10,8,12765
2013,10,9,12393
2013,10,10,12804
2013,10,11,12192
2013,10,12,8223
2013,10,13,7172
2013,10,14,11736
2013,10,15,12582
2013,10,16,12227
2013,10,17,12220
2013,10,18,12169
2013,10,19,7995
2013,10,20,7121
2013,10,21,11687
2013,10,22,12462
2013,10,23,12223
2013,10,24,12320
2013,10,25,12210
2013,10,26,8077
2013,10,27,7139
2013,10,28,12199
2013,10,29,12519
2013,10,30,11752
2013,10,31,10975
2013,11,1,12653
2013,11,2,8407
2013,11,3,7368
2013,11,4,12164
2013,11,5,12785
2013,11,6,12113
2013,11,7,12566
2013,11,8,12026
2013,11,9,8092
2013,11,10,7258
2013,11,11,11418
2013,11,12,13669
2013,11,13,12130
2013,11,14,12206
2013,11,15,12339
2013,11,16,8305
2013,11,17,7348
2013,11,18,12154
2013,11,19,12413
2013,11,20,12503
2013,11,21,12499
2013,11,22,12459
2013,11,23,8239
2013,11,24,7362
2013,11,25,12658
2013,11,26,13211
2013,11,27,11782
2013,11,28,7175
2013,11,29,9077
2013,11,30,7778
2013,12,1,7449
2013,12,2,12512
2013,12,3,13352
2013,12,4,12947
2013,12,5,12437
2013,12,6,11861
2013,12,7,8068
2013,12,8,7226
2013,12,9,11824
2013,12,10,12597
2013,12,11,12413
2013,12,12,12485
2013,12,13,11484
2013,12,14,8163
2013,12,15,7305
2013,12,16,12316
2013,12,17,13252
2013,12,18,13132
2013,12,19,13320
2013,12,20,13248
2013,12,21,8836
2013,12,22,7535
2013,12,23,12140
2013,12,24,9194
2013,12,25,6620
2013,12,26,11375
2013,12,27,13588
2013,12,28,9203
2013,12,29,7896
2013,12,30,13096
2013,12,31,12525
2014,1,1,8018
2014,1,2,11171
2014,1,3,12317
2014,1,4,8199
2014,1,5,7174
2014,1,6,11400
2014,1,7,12310
2014,1,8,11829
2014,1,9,11827
2014,1,10,11989
2014,1,11,8292
2014,1,12,7298
2014,1,13,11714
2014,1,14,12598
2014,1,15,11785
2014,1,16,11822
2014,1,17,11932
2014,1,18,8143
2014,1,19,6924
2014,1,20,11024
2014,1,21,12177
2014,1,22,11936
2014,1,23,12162
2014,1,24,11840
2014,1,25,8190
2014,1,26,7424
2014,1,27,11561
2014,1,28,12031
2014,1,29,11381
2014,1,30,11651
2014,1,31,11843
2014,2,1,8206
2014,2,2,7265
2014,2,3,11825
2014,2,4,12519
2014,2,5,11914
2014,2,6,11807
2014,2,7,12246
2014,2,8,8129
2014,2,9,7060
2014,2,10,11886
2014,2,11,12311
2014,2,12,12154
2014,2,13,11384
2014,2,14,12494
2014,2,15,8391
2014,2,16,7259
2014,2,17,11144
2014,2,18,12331
2014,2,19,11932
2014,2,20,12142
2014,2,21,11988
2014,2,22,8049
2014,2,23,7092
2014,2,24,11621
2014,2,25,12291
2014,2,26,11932
2014,2,27,11856
2014,2,28,11671
2014,3,1,8186
2014,3,2,7267
2014,3,3,11793
2014,3,4,12065
2014,3,5,12129
2014,3,6,12069
2014,3,7,12035
2014,3,8,8140
2014,3,9,6789
2014,3,10,11620
2014,3,11,12084
2014,3,12,11819
2014,3,13,11623
2014,3,14,11841
2014,3,15,8080
2014,3,16,6973
2014,3,17,11936
2014,3,18,12231
2014,3,19,11953
2014,3,20,12266
2014,3,21,11987
2014,3,22,8109
2014,3,23,7147
2014,3,24,11542
2014,3,25,12342
2014,3,26,11809
2014,3,27,11823
2014,3,28,11730
2014,3,29,8153
2014,3,30,7215
2014,3,31,11511
2014,4,1,11710
2014,4,2,12003
2014,4,3,11984
2014,4,4,12319
2014,4,5,7926
2014,4,6,7127
2014,4,7,11508
2014,4,8,12187
2014,4,9,11875
2014,4,10,12026
2014,4,11,12018
2014,4,12,7980
2014,4,13,7181
2014,4,14,11912
2014,4,15,12274
2014,4,16,11858
2014,4,17,12070
2014,4,18,11132
2014,4,19,7641
2014,4,20,6877
2014,4,21,11664
2014,4,22,12528
2014,4,23,12014
2014,4,24,12178
2014,4,25,11811
2014,4,26,7949
2014,4,27,7184
2014,4,28,11681
2014,4,29,12121
2014,4,30,11591
2014,5,1,12412
2014,5,2,12011
2014,5,3,8015
2014,5,4,7171
2014,5,5,11788
2014,5,6,12487
2014,5,7,12127
2014,5,8,12166
2014,5,9,11949
2014,5,10,8100
2014,5,11,7145
2014,5,12,11671
2014,5,13,12057
2014,5,14,12234
2014,5,15,12387
2014,5,16,12065
2014,5,17,8051
2014,5,18,7200
2014,5,19,11925
2014,5,20,12854
2014,5,21,12545
2014,5,22,12634
2014,5,23,12631
2014,5,24,8456
2014,5,25,7393
2014,5,26,7657
2014,5,27,12490
2014,5,28,13411
2014,5,29,12753
2014,5,30,12257
2014,5,31,8462
2014,6,1,7474
2014,6,2,11885
2014,6,3,12246
2014,6,4,12320
2014,6,5,12256
2014,6,6,11965
2014,6,7,8164
2014,6,8,7359
2014,6,9,11886
2014,6,10,12513
2014,6,11,12090
2014,6,12,12442
2014,6,13,11651
2014,6,14,8199
2014,6,15,7375
2014,6,16,12068
2014,6,17,12555
2014,6,18,12524
2014,6,19,12217
2014,6,20,12532
2014,6,21,8299
2014,6,22,7414
2014,6,23,11939
2014,6,24,12704
2014,6,25,12499
2014,6,26,12621
2014,6,27,12236
2014,6,28,8441
2014,6,29,7563
2014,6,30,12243
2014,7,1,13575
2014,7,2,13183
2014,7,3,13043
2014,7,4,9278
2014,7,5,7778
2014,7,6,7568
2014,7,7,13038
2014,7,8,13500
2014,7,9,12577
2014,7,10,13146
2014,7,11,12699
2014,7,12,8650
2014,7,13,7626
2014,7,14,12394
2014,7,15,13207
2014,7,16,12881
2014,7,17,12817
2014,7,18,12439
2014,7,19,8720
2014,7,20,7567
2014,7,21,12497
2014,7,22,13239
2014,7,23,12692
2014,7,24,12929
2014,7,25,12662
2014,7,26,8740
2014,7,27,7822
2014,7,28,12532
2014,7,29,13252
2014,7,30,12752
2014,7,31,12673
2014,8,1,12782
2014,8,2,8814
2014,8,3,7679
2014,8,4,12511
2014,8,5,13415
2014,8,6,12900
2014,8,7,13152
2014,8,8,12887
2014,8,9,8958
2014,8,10,7832
2014,8,11,12589
2014,8,12,13413
2014,8,13,12817
2014,8,14,13031
2014,8,15,13048
2014,8,16,8885
2014,8,17,7783
2014,8,18,12582
2014,8,19,13198
2014,8,20,13167
2014,8,21,13153
2014,8,22,12891
2014,8,23,8912
2014,8,24,7630
2014,8,25,12346
2014,8,26,13278
2014,8,27,13113
2014,8,28,13418
2014,8,29,13099
2014,8,30,8899
2014,8,31,7884
2014,9,1,8043
2014,9,2,13071
2014,9,3,13863
2014,9,4,13556
2014,9,5,13457
2014,9,6,8806
2014,9,7,7770
2014,9,8,12743
2014,9,9,13629
2014,9,10,13230
2014,9,11,12104
2014,9,12,13415
2014,9,13,8903
2014,9,14,8109
2014,9,15,13018
2014,9,16,13661
2014,9,17,13341
2014,9,18,13451
2014,9,19,13129
2014,9,20,9202
2014,9,21,8002
2014,9,22,12713
2014,9,23,13149
2014,9,24,13033
2014,9,25,12908
2014,9,26,12478
2014,9,27,8797
2014,9,28,7639
2014,9,29,12318
2014,9,30,12959
2014,10,1,13082
2014,10,2,12841
2014,10,3,12539
2014,10,4,8425
2014,10,5,7484
2014,10,6,11893
2014,10,7,12860
2014,10,8,12363
2014,10,9,12130
2014,10,10,12155
2014,10,11,8262
2014,10,12,7283
2014,10,13,11241
2014,10,14,12658
2014,10,15,12405
2014,10,16,12506
2014,10,17,12087
2014,10,18,8305
2014,10,19,7279
2014,10,20,11744
2014,10,21,12565
2014,10,22,12282
2014,10,23,12162
2014,10,24,12119
2014,10,25,8256
2014,10,26,7576
2014,10,27,12007
2014,10,28,12831
2014,10,29,12102
2014,10,30,12192
2014,10,31,10837
2014,11,1,8367
2014,11,2,7736
2014,11,3,12309
2014,11,4,12748
2014,11,5,12461
2014,11,6,12489
2014,11,7,12422
2014,11,8,8268
2014,11,9,7479
2014,11,10,11898
2014,11,11,12794
2014,11,12,12244
2014,11,13,12103
2014,11,14,12234
2014,11,15,8305
2014,11,16,7219
2014,11,17,11784
2014,11,18,12822
2014,11,19,12100
2014,11,20,12541
2014,11,21,12638
2014,11,22,8647
2014,11,23,7497
2014,11,24,12791
2014,11,25,13349
2014,11,26,11747
2014,11,27,7351
2014,11,28,9049
2014,11,29,8035
2014,11,30,7228
2014,12,1,12584
2014,12,2,13083
2014,12,3,12427
2014,12,4,12384
2014,12,5,11964
2014,12,6,8280
2014,12,7,7196
2014,12,8,11773
2014,12,9,12419
2014,12,10,12203
2014,12,11,12042
2014,12,12,12001
2014,12,13,8596
2014,12,14,7291
2014,12,15,12013
2014,12,16,12748
2014,12,17,12684
2014,12,18,12816
2014,12,19,12714
2014,12,20,8465
2014,12,21,7382
2014,12,22,12799
2014,12,23,12604
2014,12,24,9308
2014,12,25,6749
2014,12,26,10386
2014,12,27,8656
2014,12,28,7724
2014,12,29,12811
2014,12,30,13634
2014,12,31,11990
